aCJDTh,sTPBrg,rkfqbY,OxHsxc,2006-09-08,2006-10-08,0.23,36,45
hfDnGu,wEiQwo,zYXRsj,MhHyQy,2007-04-06,2007-05-06,0.23,1,13
WmfvFd,zsUFTu,IctKKF,GSwnhj,2008-11-07,2008-12-07,0.01,13,13
dscNNv,IbDgGM,dHmyTY,SftOSc,2000-08-28,2000-09-28,0.18,35,49
UgLxiC,OnaGEo,oCOoja,dxFzxD,2002-01-16,2002-02-16,0.16,1,15
vCTRbR,rOUNBO,buSDoT,YgoFHR,2009-01-09,2009-02-09,0.08,31,34
QSoZQp,QtCaGZ,EppiRa,CAqKJt,2002-09-10,2002-10-10,0.14,26,32
SrGJXV,dDrYIv,qQZsKH,AHxNHh,2005-10-25,2005-11-25,0.17,3,16
MJCyzD,flbNch,BUnqHk,eZFBkH,2005-02-24,2005-03-24,0.22,15,23
SbAbLf,teWRIV,fpIEjU,NEAsqJ,2002-03-04,2002-04-04,0.0,47,48
FDRgvC,lqAUdq,rLYCOH,RtNOpP,2001-02-21,2001-03-21,0.01,6,7
ibeMva,tmPpWG,qDeQDq,KrmFqg,2003-03-15,2003-04-15,0.08,29,38
Uwzibu,EFrcdg,OwiZTE,hwHNfp,2002-10-25,2002-11-25,0.02,8,10
nymxlR,ibEORe,OVKfVC,YAqCyF,2010-11-24,2010-12-24,0.19,25,38
gTHUPT,VtppxF,XClZRr,QVOUfS,2002-08-03,2002-09-03,0.15,20,20
Vyhpax,OKRIoo,HjaiQx,gCbouO,2001-05-17,2001-06-17,0.03,32,45
eAQlww,dugUOt,GCZaEj,WADKFS,2010-05-29,2010-06-29,0.01,42,44
ucxEGZ,OeKZAu,QQeCYP,SppfwH,2011-01-20,2011-02-20,0.17,33,36
krNWFx,pXfJRS,oPMfDX,NFdbWb,2007-03-02,2007-04-02,0.14,15,20
gbhecp,tbXApL,CIErWs,RiAITL,2002-07-23,2002-08-23,0.09,30,35
dVZFlq,OAioBD,AwLHBP,bQVLLV,2005-08-02,2005-09-02,0.13,7,11
NXZILV,yJuMmg,fuqdUO,MFIAyR,2010-06-18,2010-07-18,0.15,29,32
MWZqkr,TLnvjn,dJsESU,dayYOh,1999-03-10,1999-04-10,0.2,33,47
LjvFSp,YLtjLv,DuCrDo,MIzxwg,2004-07-07,2004-08-07,0.19,5,5
YtTUjV,VDznCn,eGbFtV,YjadqA,2006-10-11,2006-11-11,0.15,40,53
PsZmyE,DwhRpS,Fvggxy,VvKsSK,2002-05-22,2002-06-22,0.07,49,54
qeUlxF,wcTocY,cwyNqf,QxOxna,2003-08-19,2003-09-19,0.2,30,38
MYsRem,vnlRZI,RPoVMt,RPSQYC,2004-11-15,2004-12-15,0.16,6,9
ZQvpQM,saSuYo,AgBrBK,vGEkDb,2011-09-03,2011-10-03,0.11,21,31
EsfUtO,lbqVMC,nMEypa,JURefq,2011-09-10,2011-10-10,0.02,38,45
MnCeeP,WwNBtB,igrVzr,KYheZU,2001-12-04,2002-01-04,0.22,11,20
YGUMFv,Ydajsk,UuJTKp,qxNtmy,2010-07-17,2010-08-17,0.1,8,15
KfOYuK,EDHATJ,uaGxDB,uZEyeh,2003-04-25,2003-05-25,0.05,46,56
ohjeyG,XTocbL,ycuBoi,KBMytX,2009-10-12,2009-11-12,0.02,29,37
REEycJ,eCSKRI,vqDWiu,LiTgot,2002-01-25,2002-02-25,0.17,15,28
pembBE,tGZlBL,artHCL,RTQFiX,2007-09-12,2007-10-12,0.2,31,44
EQGYQc,PdnxlM,VuCpyQ,fBRjgv,2011-08-30,2011-09-30,0.16,12,19
VKHofj,IQpkZJ,TMFBdt,ibMIYS,2003-10-04,2003-11-04,0.22,22,27
sSxtsk,rGUsvj,OFhocK,YxeOSI,2011-09-09,2011-10-09,0.0,28,35
GHAFVu,COUjgU,UsDOJO,SxPaed,2010-05-14,2010-06-14,0.07,45,58
ymRWjl,gWBhyI,jfvQeH,eLiVmu,2003-08-19,2003-09-19,0.15,4,4
yqkZCZ,zORZZI,GiEZaU,uQwdSh,2009-01-10,2009-02-10,0.01,24,34
IbTTNB,GJNsqS,NRanTD,wUobmH,2010-08-24,2010-09-24,0.16,0,0
DAOTOC,qaMsVd,UjBcki,TWSuzT,2007-03-14,2007-04-14,0.08,34,46
HiqpLt,InZLtS,OkVxwK,XXZcSD,2009-08-26,2009-09-26,0.01,32,32
LHftEX,ZYZieG,GtxSGn,rZGGGY,2010-02-01,2010-03-01,0.23,36,37
ChSoVu,MwsxtQ,sgfGVY,ylYrSz,2000-08-07,2000-09-07,0.13,30,38
zmhVzZ,tmBEJL,yeNPKF,InFWyn,2001-02-07,2001-03-07,0.04,27,30
TLGTqX,ZgiZXe,hTjfYN,Jiymlc,2000-06-14,2000-07-14,0.21,15,25
Keiciv,fwTGPs,Ejomrb,AteHyK,2002-12-13,2003-01-13,0.19,11,19
eFNOUY,BhmAAx,WfgfFj,PuhmeX,2011-05-11,2011-06-11,0.04,7,9
iPvnCL,rBaNEZ,hRAdGd,MeiBcH,2000-07-27,2000-08-27,0.08,15,24
rXIgvC,jzVKXn,MQdOAq,VugvXW,2001-11-28,2001-12-28,0.03,17,18
FuBCtw,ICrdER,mrVNzB,PLYduw,2004-07-13,2004-08-13,0.09,12,22
hTRHXM,AoWFUG,RpfRoG,HijsYK,2000-07-05,2000-08-05,0.06,31,39
gWJydc,NJOeSb,ZWQfBK,YNFkfC,2005-12-12,2006-01-12,0.09,25,31
DQKGNX,MzIpiq,ycctpX,KowRep,2009-11-16,2009-12-16,0.23,42,53
rakNKz,MWXVzj,WPYMYc,NPrccK,2004-05-08,2004-06-08,0.02,20,32
xZluIg,mMCLmq,iEdcvP,EzUCpU,2004-03-19,2004-04-19,0.23,24,31
FmDdkr,saMfsh,qGfFEr,jcGYRR,2011-05-16,2011-06-16,0.17,30,33
MmYgMb,bUtvcq,bYegBT,kPdQJp,2008-08-14,2008-09-14,0.06,10,10
XlVDvL,GtIPCR,FjevXK,XiKsTF,2006-02-04,2006-03-04,0.05,27,41
Siniln,ntHyhn,pLCJAy,oXiftI,2001-12-10,2002-01-10,0.0,29,36
FzVNzO,cxgsCw,tblRRu,mSxfBO,2001-12-18,2002-01-18,0.12,16,24
pXVNLD,gmvUGV,isoxlj,mssVxs,1999-11-25,1999-12-25,0.05,38,42
hjrgTO,POyjFO,dzpMPe,AgOkdq,2005-02-10,2005-03-10,0.01,7,20
oJXYtN,liBMPq,uAHUGs,XrqKfZ,2003-10-16,2003-11-16,0.15,22,35
sKIznZ,pXMYHL,BpqucZ,HMMJZr,2009-09-21,2009-10-21,0.01,19,19
gPToke,AvqlPv,sxfjfl,SSJoRO,2005-01-27,2005-02-27,0.1,11,23
LkvYiz,wzZpIu,NgKePh,OfMbez,2004-09-01,2004-10-01,0.02,7,20
KhBLcX,DJhtYS,yUTxti,kvsuvG,2000-10-06,2000-11-06,0.03,7,20
lWueAE,wYNVwe,PJjjbI,FApaQe,2001-05-29,2001-06-29,0.16,35,36
lIIJMk,ZlHjpB,yEDxlJ,aFSXOS,2007-07-02,2007-08-02,0.05,18,20
zmbjKT,tFsrvx,UNycED,IlFSNM,2000-02-23,2000-03-23,0.13,2,8
KwUwgI,vXASBs,hAhxzH,Ovapdo,2010-01-08,2010-02-08,0.16,3,12
jhevqb,kCWkoI,RWrvSJ,WvoRHP,2007-12-05,2008-01-05,0.21,0,10
KmclTN,VGDiaB,xzndiY,sCkwMl,2008-03-12,2008-04-12,0.22,25,30
hBicYv,UDnrcV,dyqmNv,yjWWWs,2010-05-17,2010-06-17,0.18,17,26
ebIjBD,nteKbu,UPQwtm,QTJEgO,2011-07-26,2011-08-26,0.23,24,33
yetHAo,kMDmUy,NSYFDN,wAdHVG,2008-09-19,2008-10-19,0.17,22,33
WvYHSq,npuWLk,OCTcVN,gzcEcl,2002-03-14,2002-04-14,0.24,11,23
QxhGVF,CqWpmo,BMCtSG,Bypxsd,2001-11-20,2001-12-20,0.11,7,12
hKsKcM,zcexhr,AzpqQq,pUDrcb,2002-07-31,2002-08-31,0.21,19,32
RzpNxI,EXsmrU,JMIFFT,KWxTRd,2009-07-25,2009-08-25,0.09,47,48
UYAejN,vseqXD,cSYcDe,CklEsr,2001-10-24,2001-11-24,0.03,7,18
TlHUxA,UXsFKD,RrEaEW,KeDeck,2006-09-09,2006-10-09,0.21,48,51
GnFZGW,cpvEAk,ZHPXMA,luQZwg,2006-05-17,2006-06-17,0.06,45,52
XeVVDT,oXXJZf,vhztXd,WSajWD,2005-01-06,2005-02-06,0.03,48,51
fQfXEA,tPTwJo,DpxVwp,cdzSDW,2006-05-01,2006-06-01,0.09,46,52
UTXgcc,jBdZWc,KPyCWX,jYBMKM,2003-10-30,2003-11-30,0.1,19,20
fXWkPM,xKXwcz,tjDdCB,gSfyNz,2001-11-24,2001-12-24,0.05,6,6
aJgawX,Mpvqrr,lUabAE,wQMDGv,2007-04-19,2007-05-19,0.24,35,41
jbRCpb,DFtlRc,liCxYg,ccqgWL,2004-05-11,2004-06-11,0.03,12,16
TkMXfj,wrmeCu,xhXZRF,gBOkqK,2000-12-07,2001-01-07,0.03,10,21
hIfVIH,JbIiEq,XiXsXq,YrURMO,1999-02-19,1999-03-19,0.02,42,55
XZKUfs,PeCOSS,AxKpQn,SUiCyb,1999-05-26,1999-06-26,0.01,23,35
rjerbF,xUNaSI,TOdUqg,jfkEkl,2000-05-02,2000-06-02,0.15,3,6
AAhvsn,ejODqg,mpLymo,ptfAjQ,2005-07-25,2005-08-25,0.21,18,26
JAPJzW,dBrhPF,THUPyB,zFGAEE,2006-03-13,2006-04-13,0.1,46,53
ZCVKsR,vVuTYE,gFmJzK,EhWRgK,2008-11-05,2008-12-05,0.13,18,20
FreKpn,RUdMFT,trlzdl,ewVbdw,2006-07-20,2006-08-20,0.01,6,12
eMCGZD,RzWkEl,EAYKvi,fzNcsM,2002-02-14,2002-03-14,0.22,31,44
uGMGkt,hvmSGH,NXAnjp,QQiUsD,2011-12-21,2012-01-21,0.18,9,17
DkmdfQ,emdlkF,RRRNPS,OVkAtg,2010-11-09,2010-12-09,0.17,6,12
MSaHGx,YpZLXo,LoRjBn,FeXtpK,2007-01-20,2007-02-20,0.04,31,39
VnHjQB,mQMell,lyIEmj,KSJXiC,2000-03-08,2000-04-08,0.1,22,32
jZrrpb,txBhKZ,RdMVqq,kVMmQr,2011-02-18,2011-03-18,0.08,42,50
Qyhojv,Lrgcuz,cpdkjM,LrLTBh,2006-06-20,2006-07-20,0.19,22,32
YWQxmC,EUuzBK,UhVqOZ,UxsYBA,2004-09-23,2004-10-23,0.2,43,49
mMwVvt,cTnvVA,KFJXFp,mndAuB,2007-09-07,2007-10-07,0.22,43,43
gGKHPE,BUwmXi,eZBzdh,VPIgLB,2000-09-25,2000-10-25,0.22,23,33
FiUZEm,dSusce,IQTtWM,LmVxal,2011-05-30,2011-06-30,0.01,24,37
GyHnTg,mHNmJc,qWYIUN,tHfvpR,2008-08-04,2008-09-04,0.14,13,16
ncSmmT,qEQdqc,yDXdam,YAuYOx,2008-06-14,2008-07-14,0.2,28,42
MtDjuI,Eccgre,CdwFdn,ghdzZJ,2002-09-20,2002-10-20,0.02,0,9
ZvHnfR,HBvFSp,gnHyja,FYzqaU,2006-02-04,2006-03-04,0.19,17,25
teCgNs,VAeMKT,EFaDWU,XvcEBB,2004-05-21,2004-06-21,0.03,6,9
ylhdbp,pPTLfv,fIGvyr,lXLxsW,2011-12-16,2012-01-16,0.19,38,43
ujyfsg,KnrCBI,drWCCr,urqNPa,2002-02-02,2002-03-02,0.09,33,40
teMrcZ,cagFDC,DQlLhe,kBgnyn,2002-06-07,2002-07-07,0.21,3,12
YIglAJ,hnhIlU,xBExiH,AGsBTO,2006-02-01,2006-03-01,0.18,6,18
csNxgV,XpeCpw,fhcTIO,biFDgT,2000-11-27,2000-12-27,0.05,25,35
vXubCs,JpfoKL,KNKPfQ,SdYnZv,2004-12-04,2005-01-04,0.11,12,25
LUYRHd,MRhpDY,ubMyVb,xqVghi,2004-12-16,2005-01-16,0.16,47,56
rWDyIC,vDtwiY,eQzqKp,fVaSoj,2004-03-25,2004-04-25,0.23,44,51
JzIhVY,PikQwY,aiFjXk,TYgFHv,1999-02-09,1999-03-09,0.21,5,8
YJWkrT,XMzsIg,aZOZif,suTHKB,2006-05-12,2006-06-12,0.11,4,12
dUGVfC,UlyGFg,RALLSP,QctIXT,2007-12-04,2008-01-04,0.2,17,17
MKTKLH,ObywLN,VbxIKq,zJZKBy,2010-06-15,2010-07-15,0.14,31,45
hcgMPw,qziLcx,RNzRGH,pvJcLo,2001-10-24,2001-11-24,0.07,25,25
rClXKu,uvmbbC,gZrXWS,OEfTLX,2005-01-06,2005-02-06,0.01,2,5
Bkvtmu,nIdvXc,BHvOWM,GYkgle,2005-10-06,2005-11-06,0.16,44,56
ulVsos,ZXohox,ooXmSK,XXGDzM,2003-05-14,2003-06-14,0.12,43,56
EAgnlt,eZJONN,TZavxy,JVNhDc,2005-01-07,2005-02-07,0.13,48,50
BzDYHZ,hmLvff,ZTEyJA,GIJgvL,2000-10-04,2000-11-04,0.18,30,43
dMtRxZ,oMSlGD,yqhwkz,roGbFP,2002-04-30,2002-05-30,0.1,33,44
QoSYSP,VjRvkD,jHcdvY,isMRUb,2004-06-24,2004-07-24,0.22,37,41
kLCxcK,JXxgcR,YPROWN,sEoZlD,2009-12-12,2010-01-12,0.0,23,23
JUtFVX,HSlWiT,zwijUt,iOoxQi,2011-07-07,2011-08-07,0.13,36,45
vYLrEP,VcNHgD,uKKelh,MuzUNS,2003-02-18,2003-03-18,0.02,13,22
FfJauC,wCaTaO,RLJIGm,jgaBty,2007-06-26,2007-07-26,0.03,49,51
bdFNJT,iByHCd,idhMPE,LnsoCt,2003-02-22,2003-03-22,0.1,34,42
ZzqeiP,xYsfzN,ejUUcm,ghKJdd,2009-11-23,2009-12-23,0.03,47,53
AAbrFE,BHeGhj,zIVFGW,LsBCXS,2004-09-02,2004-10-02,0.12,29,35
ClhVWg,qUWbLp,CyuYDv,riBaxn,2000-04-08,2000-05-08,0.14,26,40
mdglsa,opRlbT,qDIZQL,SkDKdg,2000-10-19,2000-11-19,0.15,2,6
HYoMSD,IRTlMB,XTmXYR,fgJJZk,2006-03-28,2006-04-28,0.01,37,46
QBmhvm,vootPs,zaMthK,HbEpkM,2000-06-08,2000-07-08,0.21,13,26
GjvwNa,IiDuFe,qYRSkc,NJSRcc,2005-02-12,2005-03-12,0.01,10,10
bXDsJT,fOZBbe,vxQRWc,BEnDaQ,2008-08-26,2008-09-26,0.1,29,34
nxQqzL,EprqAN,ApMVtc,OHpTIZ,2004-04-27,2004-05-27,0.19,49,61
vIBngu,pJoYPa,aXSAia,WcsAmZ,2009-12-02,2010-01-02,0.15,46,54
QAFcHu,HqKCvF,vjuMOh,TCIOwp,2006-02-18,2006-03-18,0.0,0,3
ilAWkQ,BOFpiN,ADUzPb,wAuKcC,2001-12-10,2002-01-10,0.11,43,53
DJXhAT,SxgbJn,WovRXd,geoMFD,2005-03-03,2005-04-03,0.24,47,61
QAVKjs,YNiBpz,SZjdMk,fDlzNF,1999-12-03,2000-01-03,0.07,38,47
OEAxsD,VuvIoC,QBUgyZ,amPvsQ,2005-02-22,2005-03-22,0.23,34,41
HKfJCP,PiLdqA,QIoBBM,PPNqLq,2000-06-03,2000-07-03,0.05,48,52
hpkFRs,SXmOiW,xceCQU,tJILOV,2008-07-19,2008-08-19,0.23,37,49
BBIbtj,JilCjB,QBisID,UTChTs,2004-04-17,2004-05-17,0.03,16,22
fWjuZi,cCKaaY,QFnxCj,HQQkat,2008-12-18,2009-01-18,0.16,31,31
EkIrly,LJKuHe,MrAhnC,gMUKvQ,2005-01-06,2005-02-06,0.12,4,6
uRPFZA,KBFtEq,bLzmqW,gTXguc,2005-11-07,2005-12-07,0.22,45,57
XhshCM,KWOesN,okWhrE,uCPLJj,2005-12-01,2006-01-01,0.22,29,30
QGTmsh,bydwrX,HCuUHq,jqvTlq,2006-12-04,2007-01-04,0.17,27,28
dcSYKP,axeHpi,kZwiOJ,zxKscX,2009-09-03,2009-10-03,0.19,26,37
fhhtoI,QTHnpK,pjWIIQ,bWOQGA,2009-10-20,2009-11-20,0.24,47,60
cxWDPB,jFDmNy,SuqFhs,CQcpSn,2006-10-10,2006-11-10,0.05,3,4
mRoemH,JCJQXk,iYLUIG,dTNdQU,2001-11-14,2001-12-14,0.08,26,30
PXTHTt,TNxelg,SBrzdi,BYUshl,2001-01-02,2001-02-02,0.16,28,39
GSLCMq,SFiOtN,oyFxUW,WtxYYJ,2002-07-09,2002-08-09,0.19,3,9
JGeszH,pbhYJG,CAIWFP,msjTCr,2009-05-05,2009-06-05,0.23,12,25
kwxlTc,nvcfQV,xlkRte,hhSAes,2007-11-20,2007-12-20,0.1,7,19
dGNEdU,MQrqzM,lOjChN,byGmNL,2009-06-01,2009-07-01,0.08,37,41
qkvKNF,vYZakv,giRnAz,wqKhgY,2006-01-05,2006-02-05,0.11,48,49
NQPtkV,uvqsgU,VOePPm,swfhoC,2000-02-05,2000-03-05,0.08,37,46
VgPnuk,PBKoti,pstvTQ,VxTYVJ,2011-02-02,2011-03-02,0.06,2,14
ouFAsO,DXohph,qanmLz,QYQgpe,2004-05-29,2004-06-29,0.02,6,10
dJKyDc,RwoRwV,TUqZyo,qxXYCD,2002-07-15,2002-08-15,0.16,24,25
XMMYQb,rXBiCd,VdvdmS,mHsXxw,2008-06-04,2008-07-04,0.24,38,48
cSwYUq,Kvttzj,XInXqK,YHPWBS,2010-11-12,2010-12-12,0.05,4,9
hXLEsB,FyeNGM,pqwBvQ,ZirTfl,2001-03-08,2001-04-08,0.01,24,38
zZXRdS,NANubS,VzKjqx,endTyb,2011-04-12,2011-05-12,0.02,13,21
bFirTl,tMqpWI,mROPga,Irvcir,2007-03-02,2007-04-02,0.22,38,47
VYIrhg,fRhfGr,ZcRGon,CtqkXI,2005-02-07,2005-03-07,0.14,8,16
JXbwmK,abEzxH,jHQljU,sBQmOX,2005-11-17,2005-12-17,0.2,6,12
zgftAG,YCJczQ,tnJtvc,apBtMm,2007-05-01,2007-06-01,0.16,33,35
JBlrDw,NZsWUI,SihPpV,lwsmGk,2000-12-07,2001-01-07,0.13,9,12
FtJcav,UYZUpd,FZVzhX,TdlXcR,2009-07-08,2009-08-08,0.12,20,34
KVYVRL,PZRPCh,JkUAxE,tTUFYx,2003-05-15,2003-06-15,0.08,6,14
EVREfb,GEhYxR,ljFuUN,iHdmRk,2010-01-12,2010-02-12,0.09,6,19
TjrVQP,gKpnOj,hlBoAK,JJvsyC,2010-09-24,2010-10-24,0.15,9,21
ZWOlEj,ngjrUJ,lKNZoa,rbhOpN,2008-04-26,2008-05-26,0.15,27,33
UupMpy,xZekSM,zmOZrX,GlJtkj,2011-11-14,2011-12-14,0.13,44,44
bgxCqc,VXVNlw,DtrYvr,aXbaXN,2008-04-22,2008-05-22,0.06,27,41
ODIjYX,ptoNbg,BVBtHU,nYgOnh,2000-11-21,2000-12-21,0.17,6,9
RUVHFo,XHaAto,QIAiWR,Qfqkje,2004-04-30,2004-05-30,0.03,4,5
SBLsfR,gMFLqD,CKoiHx,FVWjuN,2006-07-12,2006-08-12,0.06,49,52
ApddlJ,htmXoi,dNQvhj,zTrJPM,2006-06-03,2006-07-03,0.16,24,38
AHgISN,HWsWlX,CTXFuG,MnBtUb,2003-03-12,2003-04-12,0.07,1,6
coTrym,tEDnrn,qYMIcB,zxuhZb,2006-03-03,2006-04-03,0.04,10,12
Aqgijv,UKMGKb,MDOkwl,SflXqe,2000-08-04,2000-09-04,0.18,39,44
NMeveH,XsnWDm,KeGCAF,jgHayq,2004-10-26,2004-11-26,0.23,9,22
QVhMzX,RyZDRu,VSjmND,dGrsCq,2008-08-19,2008-09-19,0.15,0,0
ZTWxXT,hiPPwE,eQjNHd,lkQxnh,2003-06-09,2003-07-09,0.11,45,51
fqVHIl,RAIVLa,TIASks,sUgjTk,2007-04-21,2007-05-21,0.24,36,47
rSYiXO,gbtZVu,CpeGZq,QHMTQx,2005-12-22,2006-01-22,0.04,3,3
QyJCdS,UzlngA,NLTfBb,iWKKHZ,2002-11-15,2002-12-15,0.12,45,48
OdgptQ,HWklKa,MWkkat,IWAAxv,2000-04-12,2000-05-12,0.18,6,17
IBDzvq,KGUaMH,itOpym,EbLWVp,2011-04-28,2011-05-28,0.2,0,0
QRKMfQ,iVSswh,liBLDi,GVatvO,2000-06-06,2000-07-06,0.04,38,45
ghHTqk,onILaH,rqwPyi,wqlHiI,2004-09-06,2004-10-06,0.12,11,19
hFTNkO,YLeYUW,JLnLMp,IcsBmg,2005-06-25,2005-07-25,0.17,21,29
XDODni,fLpJqh,jwXyNn,aiwCWa,2002-06-15,2002-07-15,0.1,43,46
pQkCqf,iWXPhj,vrCMEH,yGbthh,2001-07-12,2001-08-12,0.08,17,28
YHMHog,YtnYAw,FdtWHb,AQOxNb,2011-10-13,2011-11-13,0.1,3,13
YYCSCW,gcUpOM,wPreIE,tLwBoC,2010-10-05,2010-11-05,0.1,14,16
zzjyjK,jxpLmO,NOOPwB,QCtHPY,2009-10-06,2009-11-06,0.22,21,29
ZgYzZF,byQzwy,wXpOBz,KoBHRw,2009-01-26,2009-02-26,0.14,29,43
WoGXBz,Mhrqss,PqHxVi,rkiVQU,1999-04-27,1999-05-27,0.05,45,52
ziBDez,foCaYU,fiEuLr,hSKKqV,2000-06-24,2000-07-24,0.03,32,36
DBfOqC,bcbAwI,DWHzeN,pLwUxs,2006-01-03,2006-02-03,0.08,30,34
EaZIrz,yhEyiP,bRiauj,TpRQzr,2007-05-17,2007-06-17,0.21,35,36
xTYsKU,fuDPcf,XCGCIq,AcyqBk,2007-06-15,2007-07-15,0.05,13,21
wdqItR,dbdpNO,BNnZQm,NBsaaT,2002-07-09,2002-08-09,0.23,10,21
pJeceF,jPWiAX,xtVmUP,XCgHKJ,2005-06-27,2005-07-27,0.01,15,22
KoNmZN,ouPDau,LsEIvk,IIilMG,2002-04-25,2002-05-25,0.21,18,19
iipTtK,SKxddF,cKwlvn,vNlmDW,2009-08-03,2009-09-03,0.22,10,17
eDhAOF,NhFgrS,cwORIj,HApWfZ,2009-10-19,2009-11-19,0.06,44,55
sDxbYk,IqDszJ,ffKnEg,KgXBsA,2007-12-13,2008-01-13,0.13,10,14
LIMdbi,hmpZzJ,kKzLQT,vEbkyW,1999-09-25,1999-10-25,0.08,14,16
IdjaKZ,ZHCnmr,KZMesn,nKpKgK,2011-03-25,2011-04-25,0.02,37,37
RmredS,rRofjJ,sLgjKO,NMvhvl,2007-08-18,2007-09-18,0.1,21,23
mHqrNl,vtJHPr,kNWcSM,PyBXuJ,2002-08-05,2002-09-05,0.01,34,46
GurAYc,DVMuEd,IkRYjl,xlAWre,2000-07-14,2000-08-14,0.16,19,27
xImPis,zyWPfU,byrUaO,FAQNcC,2011-09-16,2011-10-16,0.05,10,15
yzWGPG,Dtsvfx,cRCBWr,NXZhtp,2000-12-22,2001-01-22,0.18,49,55
VoMGcf,tRbSJD,ESlEgu,GBfEAZ,2007-12-11,2008-01-11,0.11,12,24
RJeiGC,CdjmLm,akYomU,uCvIaz,2002-09-30,2002-10-30,0.1,15,26
Beytky,yqySOl,HAAEkn,AjCyBH,2011-03-03,2011-04-03,0.23,15,22
TCMCus,oOSBoP,LwDMfn,EJbSqH,2010-12-22,2011-01-22,0.0,19,20
hecxhg,wxSCnV,HPoszn,WGHNgQ,2008-07-09,2008-08-09,0.02,34,43
rFqgIV,JilSOY,CtomVo,afvsdm,2006-03-21,2006-04-21,0.19,32,34
AGMysv,dZXIyv,YJkaDc,bXxcyy,2009-01-14,2009-02-14,0.1,2,12
MZRywg,DXYWkN,kSKrCx,TJvRXZ,2002-06-05,2002-07-05,0.11,0,2
PxnQHA,TptUQh,XZhtvz,EmsFpA,2001-07-31,2001-08-31,0.16,43,44
Ifonxu,CQiGhF,UYmMRs,lyEdAO,2011-09-14,2011-10-14,0.19,44,57
WKeBWc,rRXWfs,MQKBWW,vGxCja,2004-05-18,2004-06-18,0.01,5,14
ETUqjk,xiyWab,aZaCAR,pAOisw,2005-06-27,2005-07-27,0.12,8,9
UrQnPT,CqspcK,qjPYSZ,eQQAki,2005-06-18,2005-07-18,0.21,34,38
ldgSgd,xdprap,CNoiYG,ISwIRi,2000-05-26,2000-06-26,0.18,38,45
LxCHJZ,bMWKVG,cqPcsA,YMxaWu,2010-07-01,2010-08-01,0.04,16,20
hCAGVs,nigjiI,ZTyXTy,cJrrEK,2010-12-06,2011-01-06,0.12,3,9
yYJSEh,tklswX,OZISwN,AxYBCD,2003-11-03,2003-12-03,0.07,39,45
FaBMFr,KhBYnu,QzpFcs,pdBvPi,2004-12-03,2005-01-03,0.21,11,23
LyFRsQ,JlijFS,cGrpZL,DuepfP,2007-05-12,2007-06-12,0.17,17,31
ixZHHJ,FGDEvi,QZSzHz,cPpwWn,2003-08-22,2003-09-22,0.1,1,10
vmIUJr,BGdtvJ,wMssxr,XHhYCy,2006-06-22,2006-07-22,0.01,22,24
LvjsHC,eJVuoy,YmKBbg,mJmjBo,2001-05-08,2001-06-08,0.21,15,25
pXOsmv,pbJEFS,vflDFx,fCSNek,2010-10-27,2010-11-27,0.18,49,61
jGxquI,yeNdIS,lcTVFt,EkVaEs,2002-08-20,2002-09-20,0.18,20,20
uWSIsL,MJQwOf,wbeJZo,sNifPX,2010-08-28,2010-09-28,0.03,7,8
MhhTzP,SxuWjG,CgMjNN,CjglWS,2008-03-21,2008-04-21,0.23,11,23
QdTJMs,GiGlHV,EaJcpo,xaGqvE,2000-10-10,2000-11-10,0.04,20,28
grxvua,FNAOmZ,RVxKws,twYJOJ,2007-11-02,2007-12-02,0.01,22,34
gdISlf,XmlIzH,ilVcMS,MDrKxL,2011-05-14,2011-06-14,0.15,27,36
DjevEy,DOksJm,jVjIYp,DDOWea,2011-07-19,2011-08-19,0.21,8,14
JEgRFH,JrUTBe,sIWOvD,trIhpW,2003-09-26,2003-10-26,0.02,26,40
ZWdLAD,aYIxcV,fIgFgs,mchjPt,2007-09-12,2007-10-12,0.08,29,30
wGszyP,atisOq,saKTYB,tcPBcg,2000-05-23,2000-06-23,0.06,8,8
BkVcBD,hcsiQs,eLTIdo,bWdzfX,2009-07-23,2009-08-23,0.18,37,45
VnVNkK,uVWzzI,quWvic,maKpdp,2010-04-23,2010-05-23,0.05,4,15
EsNwPI,vRtIFG,XSuuti,sFshqI,2009-03-11,2009-04-11,0.22,41,46
ZFndXK,vbxkAh,raSKab,jBaOSZ,2011-07-13,2011-08-13,0.13,15,16
oClAaD,tiPpKM,CIqySo,uwtKSD,2004-07-10,2004-08-10,0.12,15,24
oytwfA,EtIXLq,kbjoMm,oddIVh,2011-08-05,2011-09-05,0.03,10,14
aRdFAb,OtcRYq,qEBxkB,YsqRmu,1999-02-04,1999-03-04,0.21,35,46
EdIEme,QegCUm,FrXtyc,cWnsDy,2003-05-27,2003-06-27,0.06,1,10
iISEzy,MyFuTK,thuinE,HmLNni,2002-02-13,2002-03-13,0.06,1,10
XGYyxk,QthIFP,mNQWGJ,uWeMoj,1999-11-12,1999-12-12,0.18,39,46
rmpAXY,VZoZxW,cCUabD,MkdZMw,2003-04-24,2003-05-24,0.01,24,36
kSlVdB,SFxyXV,njCfnP,EPrCLl,2007-07-23,2007-08-23,0.09,17,22
tZsVUT,GzCeea,JvCuAI,KPiiXq,1999-10-22,1999-11-22,0.01,32,39
FIAMVx,yllTMA,uwcMLe,dUtNgE,2002-03-28,2002-04-28,0.04,26,33
ivdALK,YAwwFw,FrNgyW,UUjjot,1999-05-06,1999-06-06,0.05,39,40
EuIqDm,kymXSN,betjXE,hhIamI,2005-01-12,2005-02-12,0.14,29,39
LjDvtH,HykKXv,KpkuKF,OOcZUC,2005-02-08,2005-03-08,0.21,45,57
bBDcPl,EhtYxk,uHShGK,jVOCNk,2003-11-24,2003-12-24,0.05,43,49
KmHbWy,qOvWSm,DZvXNE,CZDDar,2003-11-07,2003-12-07,0.05,29,40
EjTwHG,rYbQnv,dSlLyE,WXgGvv,2000-03-18,2000-04-18,0.22,12,17
CtGZwK,JLybhn,qHIvFN,JGHwyy,2011-09-14,2011-10-14,0.1,42,49
lXtcrk,xTmQqG,toFIXb,qkXGKq,2006-09-15,2006-10-15,0.15,22,30
kcpNsX,sgVwvG,TbbTbv,rKmVHJ,2006-06-16,2006-07-16,0.12,34,41
KEfiIo,ezVOPE,WKtbaB,aQSwEJ,2009-02-28,2009-03-28,0.18,42,46
XNQmxm,iHVofX,fOUxUN,TCjLoJ,2007-03-31,2007-04-30,0.1,9,13
ApEmfN,QTzfWO,vfUcCe,bpJNXh,2000-12-11,2001-01-11,0.03,47,58
yUEtiM,hTrFMW,CUixMl,weuaFx,2001-11-02,2001-12-02,0.14,42,51
xfTEON,pmfFKf,VYyROH,cjxTEW,2000-09-21,2000-10-21,0.23,18,23
iptylP,ritxWf,KxBSpO,VtfFtS,2000-06-22,2000-07-22,0.14,46,46
UhUcXN,DpLkSk,afOjBO,gLFVDO,2000-11-22,2000-12-22,0.23,11,13
buyeLS,vMWNAh,tSerxI,YDlcZh,1999-05-13,1999-06-13,0.08,13,16
ACPUYI,fLUxrK,qzQzoe,NVyuZO,2004-05-26,2004-06-26,0.09,28,42
sQMFrA,ChsZPv,kGWwYf,WZNOVy,2007-10-08,2007-11-08,0.0,24,35
fDhDrH,HshiFv,XUdcFN,zmlZBG,2000-07-10,2000-08-10,0.07,29,30
BezcxJ,NuKvcz,ADTQWr,fmyiRV,2000-06-20,2000-07-20,0.0,48,48
DKGDEG,APZolB,mPlkSm,RRPmBQ,2005-09-10,2005-10-10,0.09,15,20
bflMlL,BKagkW,LaazAV,jqWqEG,2001-08-10,2001-09-10,0.21,46,54
GBqsHV,obqkhL,xhreKH,IoczDr,2005-05-04,2005-06-04,0.12,29,41
KvessY,pGrwIr,BIpxaC,nsMyLT,2007-05-19,2007-06-19,0.23,21,30
LuGZJN,LFjOEh,hqfgiq,ugwtlj,2011-03-01,2011-04-01,0.11,15,16
pTRdBk,exbkpX,nWmEle,XujXMw,2009-07-30,2009-08-30,0.12,38,38
amGlsW,EMLwfH,DTjLFN,JvAibU,2003-07-14,2003-08-14,0.11,14,27
DlNMYx,WSxhCI,WNoIkL,ZfMXxO,2009-10-01,2009-11-01,0.21,30,37
DqwBUr,YXAlAt,kJRJGE,pjDTJW,2010-02-08,2010-03-08,0.22,11,24
SdQHCd,LbSSdR,TnxcqO,ujKCEU,1999-10-28,1999-11-28,0.01,44,54
WLFLOn,BrUsXZ,QTUAxy,Tipbnq,2008-04-01,2008-05-01,0.08,39,44
dYERVC,btvEbN,ATfRZY,rjXDWK,2005-09-15,2005-10-15,0.07,33,42
mzRFhS,KOHPCJ,KsFNdB,RrPaCQ,2011-02-24,2011-03-24,0.15,30,40
CyFIVg,CbYndh,FyajIW,KybhWk,2006-12-04,2007-01-04,0.14,26,29
YjJQyN,VjJeqR,ORuGpT,LqfdiU,2004-06-15,2004-07-15,0.18,15,27
mXOHvN,VQsKtW,bQuxOs,OBrmEC,2003-12-04,2004-01-04,0.04,30,32
gCuQzK,oFRPIv,mZbqWX,eFFWBd,2011-10-04,2011-11-04,0.0,4,18
tcmHWF,RRLvdG,GqPYkQ,wIBLGa,2008-07-18,2008-08-18,0.21,29,36
vNYfgJ,kPJrpq,SFOZAM,dREhKi,2010-08-03,2010-09-03,0.02,29,30
XQmJOV,jbbQhq,CPOxSo,zvnnvr,2009-04-03,2009-05-03,0.01,4,10
rDTkFx,zrfObN,hPVZta,ZuEqFz,2003-01-29,2003-02-28,0.0,38,51
UduoVy,RQQIrC,JupDFT,QvdEtA,2005-04-16,2005-05-16,0.06,36,40
spIWHs,IxVkFI,VhomHK,kryARw,2010-09-22,2010-10-22,0.18,15,27
EfBilT,cohHen,JSVtbW,yIzslQ,2011-07-09,2011-08-09,0.05,38,50
wETpLW,TgCLin,PDsfWb,QiAKAM,2008-04-16,2008-05-16,0.1,38,39
INhUPh,RfLEBD,BnnJbU,rjkXaj,2002-01-16,2002-02-16,0.13,12,12
cFraPT,AQWXWa,TtKSFe,dtoINU,2004-11-04,2004-12-04,0.13,18,23
fHNcTz,TAnbUi,IrIZmY,vwgzHB,2010-01-26,2010-02-26,0.12,40,54
rELomg,IUEnZl,tDQTAx,rzYfRv,2006-11-16,2006-12-16,0.03,43,45
UkUhaJ,bzmzgV,Qawdpw,RIqzbR,2005-02-11,2005-03-11,0.18,38,39
fCzNbu,BPmEQS,sPNgky,HBWCfY,2011-05-14,2011-06-14,0.08,32,40
TgNoUD,qeRdZN,lqOCGB,pjKLZR,2004-10-18,2004-11-18,0.23,27,37
AEXtiL,YVkpMc,QBtSHo,dWGaLG,2005-01-12,2005-02-12,0.23,11,24
fmPsim,kgZeqk,EdJeZX,hyLkSs,2000-07-22,2000-08-22,0.22,17,22
lDRYtD,XUlHfE,acarWv,ylaerS,2000-11-13,2000-12-13,0.19,44,46
xaTbeQ,aKHjWr,jgbVph,YgMypa,2005-08-15,2005-09-15,0.19,3,7
VciMby,xARuWd,OwptGF,xYagiI,2005-03-14,2005-04-14,0.03,26,26
GrJEwx,TTXnJj,EZikow,lwrFnJ,2009-11-19,2009-12-19,0.23,28,39
lkMymw,invTni,PqLLuy,PEceho,2001-09-26,2001-10-26,0.19,16,30
CKWbhf,SLIEnN,brpJQo,fQtmwH,2008-07-07,2008-08-07,0.2,9,22
jBAMoD,fPjsWk,FiAMCN,ICIXGL,2003-04-09,2003-05-09,0.01,21,25
hlhMjM,sHQoXY,tptqXy,OLZQYq,2011-03-17,2011-04-17,0.08,32,46
zoZbkt,zLvDLb,shcCkD,kzThWh,2002-02-22,2002-03-22,0.02,17,21
AokJFg,vHLmmN,tQVQfV,zExghF,2006-07-03,2006-08-03,0.14,31,41
VhdbVp,NLshqX,MtAMik,jfMzJV,2006-05-10,2006-06-10,0.17,22,22
GMkmZH,txkJWF,YPbGJy,wecXOh,2009-02-28,2009-03-28,0.22,7,16
irUcRL,dDoHEV,XtKaBL,hQVggw,2006-07-29,2006-08-29,0.18,20,22
TsJyod,ymHxXh,rXbTUk,FpbYsL,2008-10-25,2008-11-25,0.13,1,6
WpvkOu,UkrjvW,pExnRY,bEHKDf,2002-04-27,2002-05-27,0.19,42,56
ERjFjt,wxvyQl,iIPIFK,GERBOg,2006-12-23,2007-01-23,0.08,23,31
eQUDPx,agtZmw,qAsejo,Tdiuql,2001-07-30,2001-08-30,0.13,16,23
rNTxhQ,lpkSPn,KBAVuA,sPcFZq,2005-05-24,2005-06-24,0.14,27,32
RQTsCh,ZIOsUk,dYvmCy,jmSKka,2009-05-16,2009-06-16,0.11,36,49
hbrRYk,qtWSAY,mVIKIh,arRHaz,2004-10-11,2004-11-11,0.05,21,30
gsFRHW,llypIZ,PdzMaB,HwwRLl,2000-10-05,2000-11-05,0.24,11,15
ZWCdyS,AqKgFA,lJcWAx,cPeUwG,2001-02-28,2001-03-28,0.13,46,56
RzQYVd,ZpLAKq,CnYeEp,qlOpAq,1999-04-16,1999-05-16,0.05,41,48
QDzsWc,EnpPcA,YtSovj,cshxwd,2001-03-07,2001-04-07,0.18,40,48
WjLKJB,HPsJCS,ZJpjWX,DUnydj,2011-07-02,2011-08-02,0.15,25,30
dcrNQP,eoOgAr,VzhtoS,AYmHKI,2006-11-28,2006-12-28,0.12,19,30
yrucIq,WBXsXd,xKjamc,mmzqEr,2008-09-11,2008-10-11,0.09,45,46
kqOakA,adxtaR,VUpTPt,yvDdKr,2008-11-27,2008-12-27,0.08,11,13
TcpLxH,fUGUyk,iYraiM,kAxVOI,1999-06-07,1999-07-07,0.05,43,46
NKMaFj,xMnAsQ,LCwacB,OMpOdg,2005-08-26,2005-09-26,0.11,49,62
xhupQs,phsJWY,icoEnD,AInQck,2003-07-03,2003-08-03,0.09,39,46
GBWZLh,azHiyR,WKTSPd,sCfPtX,2003-01-28,2003-02-28,0.09,41,52
cbcVTy,sleWjw,aoqVmh,fokwTZ,2007-05-03,2007-06-03,0.08,28,29
VLpnJa,ehQsEK,AoSOKS,QmFXEs,2008-01-10,2008-02-10,0.1,47,53
qohHUe,LoFNSP,Tdapho,qarbaL,2007-05-07,2007-06-07,0.01,32,41
IbiEKx,tehyJQ,YVINhT,pdQGEu,2005-05-12,2005-06-12,0.08,15,24
RuKdGO,MUOPmb,sIbvZC,ffAnfU,2010-11-06,2010-12-06,0.13,13,17
qVcPQs,MSNpkd,NCRSgo,usUtNA,2005-01-27,2005-02-27,0.01,42,47
JQCAhc,KJSDkr,wfSupu,lfrMDv,2009-10-27,2009-11-27,0.09,19,27
oeehZf,OZGESp,Fltdzk,JAhozr,2004-03-13,2004-04-13,0.22,8,13
qoLXLs,zktyWK,uoCkKm,ifqEeu,2007-09-15,2007-10-15,0.02,27,29
zLiJVT,DcEMvd,lTrajC,HZrUOc,2011-10-21,2011-11-21,0.01,14,19
fFXtdp,JeqROf,BORwKc,XudhqT,2009-06-24,2009-07-24,0.11,48,50
MTGOqK,nSKqfH,qOMUig,qnrIfd,2005-10-05,2005-11-05,0.04,32,39
kWRStp,qnCbIH,ZXTHeu,MUpogU,2003-05-27,2003-06-27,0.23,28,37
mQltTC,NbALuN,cdtWRV,reDOya,2003-08-25,2003-09-25,0.02,31,34
ndHIAC,yrKQSr,RxJJuV,upgnXc,1999-05-22,1999-06-22,0.14,11,13
nQxTRQ,YygsHW,wwcNKm,BOfWPA,2008-07-08,2008-08-08,0.0,6,13
KOgnPi,aSMjfy,qdJUXk,FlZfte,2007-08-24,2007-09-24,0.22,19,21
FKTOQG,pDnsfg,oLIsBg,BrPdjr,2002-09-14,2002-10-14,0.19,3,11
PiZVcW,BcLNuR,jRuzmS,GIlwNJ,2008-04-14,2008-05-14,0.02,20,28
HhDMpa,NhPNTj,nPCBHP,NEoxcp,1999-03-26,1999-04-26,0.01,28,30
yDCnCv,raMXxs,DKJtJq,wHYEmi,2001-02-03,2001-03-03,0.24,46,49
gzbhRS,wQdHXn,boaTvD,QEDRoa,2009-08-19,2009-09-19,0.0,16,21
Qoauph,pBABZY,dqHemR,NnOvHM,2011-07-04,2011-08-04,0.18,21,33
XlbzKf,IuAEBj,DWBBwa,KlwzDf,2006-10-02,2006-11-02,0.17,25,31
dNeBwm,tnuPHw,lsqDcS,VqFNQj,1999-05-10,1999-06-10,0.12,4,11
eUyoYR,QoWVnz,AoObSZ,eNvoAx,2008-08-02,2008-09-02,0.12,33,37
VsPuTo,jBjrHF,jmuivl,CNYPGo,2008-01-10,2008-02-10,0.21,8,22
yuktqG,ffmLUe,jezHCi,hHlUvv,2004-08-11,2004-09-11,0.22,40,50
Lpdgbm,KVyWCd,PLIFPo,HfUBbC,2006-09-18,2006-10-18,0.17,13,18
IWIuMh,tdZoWp,CtYGvf,cYTzks,2000-05-01,2000-06-01,0.23,1,4
QlBRYb,TbeLtS,hknlov,OOObpe,2008-10-24,2008-11-24,0.05,9,11
RsYANI,ekjllQ,TkdAoh,Xjhxon,2011-10-05,2011-11-05,0.04,26,35
YjhuSF,HjuSGd,vyspYm,msHbxP,2000-02-22,2000-03-22,0.11,16,23
mfaBgJ,IwGSsz,rICGtO,XmklXB,2003-04-11,2003-05-11,0.01,13,25
kswhXi,hbNBLF,fmCUSK,Iasxyk,2003-05-07,2003-06-07,0.1,40,41
axaPzm,JLiqep,ECGGPR,vCMgjl,2001-03-23,2001-04-23,0.16,11,17
UadJIj,nADQvW,bpwEDL,UWjcNT,2005-03-28,2005-04-28,0.05,31,43
VFGcYV,AnVuVP,gJnnME,AWnTqt,2004-12-18,2005-01-18,0.08,23,35
JIuMBy,PIXyUh,HENbte,SJPQRW,2007-05-08,2007-06-08,0.17,32,41
FykqNE,vdnyFZ,MDycuz,fEKQPh,2001-05-17,2001-06-17,0.19,39,42
BlFUDQ,xnvERY,KIKvaa,QnpnYS,2004-04-09,2004-05-09,0.22,34,41
MuYMSz,IimqLi,ZVMYIf,XjdBsX,2009-04-25,2009-05-25,0.21,6,10
UvXkFL,XAVvkY,sJUTDg,fzTkCA,2007-03-26,2007-04-26,0.06,37,45
fezwEA,TzfdaW,nURXmL,hytJEV,2004-03-24,2004-04-24,0.01,37,48
BWnoFl,dKtyQE,pyEGtJ,DqQcEQ,2011-07-21,2011-08-21,0.01,41,52
VxEhoh,Goxdtu,FJCpSF,ytcIIp,2010-11-17,2010-12-17,0.24,9,21
tOhyaW,dVjOrg,IYwsDC,hxXrZX,2010-08-18,2010-09-18,0.18,30,34
mmQcFS,dKbNhj,xYNkji,DqSOVK,2011-01-17,2011-02-17,0.04,20,27
NbgfdA,PAvaTi,jDmgno,PTwxSi,2006-05-30,2006-06-30,0.02,7,12
JAjYhu,fOkcSm,HQDBuC,miqImz,2011-07-02,2011-08-02,0.0,33,43
prnwhT,tzUMNB,vRYvIm,EnRyQF,2009-08-31,2009-09-30,0.02,47,49
vcSpff,OcCXod,SwiUJs,IeOAux,2001-03-26,2001-04-26,0.17,19,32
zAKrPH,DypeRk,BBizJH,OlmJzm,2003-11-04,2003-12-04,0.23,29,32
xhuuma,IBIcQh,KZXCkS,WQwZda,2008-03-17,2008-04-17,0.18,36,38
vDLsRJ,lCezce,PWYXzp,RkboFv,2005-05-10,2005-06-10,0.05,26,30
ofNKSJ,hKvaQz,yvdsWe,bhZDzU,2007-05-05,2007-06-05,0.18,29,40
MOyyzn,yUIECz,OkYJqN,MLNXSN,2000-08-10,2000-09-10,0.17,23,31
KgACnt,OvvjJo,lasLvf,TPZAIc,2011-01-29,2011-02-28,0.17,14,21
eDdPPR,qhtSlh,NkAMWP,RzijZw,2005-10-03,2005-11-03,0.09,44,49
MfwmMY,jtoHEx,WEvlXX,yDJOKo,2009-04-24,2009-05-24,0.02,5,5
QJbaYe,NKkgEy,pDUzCz,TdvMRQ,2001-02-16,2001-03-16,0.24,43,52
XSdGgD,JJvtab,wyqntE,JcznGy,2002-09-27,2002-10-27,0.12,20,31
PFtNBm,JoSPfi,cENxYp,gkrKeq,2007-02-05,2007-03-05,0.19,1,14
KBftiY,kLGMdc,WFEGus,MeOqcn,2005-03-26,2005-04-26,0.17,28,32
WiwNfH,RMxrvw,vXZOzE,ngaTxG,2005-11-10,2005-12-10,0.12,13,23
LmXWJZ,AMIxZq,pWqMDa,BqhmQD,2000-07-29,2000-08-29,0.03,19,26
IsKlal,Locnce,ktxXHh,RXRDSS,2003-01-14,2003-02-14,0.2,16,24
DWaSYc,puvQcw,Qssqks,dxKjoZ,2005-07-05,2005-08-05,0.01,48,52
hZiyNn,GegoHo,KpLpAQ,AoPQqv,2005-06-22,2005-07-22,0.11,22,31
bEsLbr,EkYXIy,IztSTV,BsKNkF,2003-02-17,2003-03-17,0.16,14,22
iijcnt,rOxPtm,AkrpKm,atHqQc,2011-06-03,2011-07-03,0.21,27,35
ZsmrjO,bYWTSt,dAjSla,hQMgwA,2009-01-03,2009-02-03,0.13,27,27
ChfNmG,gyGDKP,rblHeC,UvIYHc,1999-06-01,1999-07-01,0.1,46,58
kcGjAd,uxwfkc,MGlYzj,byAjrI,2008-12-18,2009-01-18,0.01,41,47
XMjHbc,UcPqyB,KPmWxP,bAilgB,2007-12-14,2008-01-14,0.2,27,38
HnghWZ,KTbzOS,tubINr,aQLMNl,2001-02-17,2001-03-17,0.07,0,6
ydaYuw,GCPImH,oPaBsu,MzsQYy,2006-04-05,2006-05-05,0.14,38,43
zbNaKL,VSoNFk,OJaogX,qfxRvb,2000-07-15,2000-08-15,0.09,42,50
SsvSsC,IWQMOu,Cjvbwp,KqGDyc,2004-08-10,2004-09-10,0.14,25,37
POjxRn,bLTMSl,CBtMgE,RJSPGw,2010-12-22,2011-01-22,0.14,10,19
lFzeud,znBxEj,fpjquQ,XbkeYD,2003-01-02,2003-02-02,0.16,32,39
yQNnuW,NxjSwf,paqxSy,iJMUmh,2004-09-29,2004-10-29,0.1,10,24
IknkNJ,jdIvuY,giGCFH,VUirpL,2001-11-15,2001-12-15,0.06,33,35
mvWukA,IUkmBG,UigXCG,yyMaZK,2001-10-19,2001-11-19,0.21,7,10
lixCFq,IniQAI,oyQoIa,OdauGo,2008-08-28,2008-09-28,0.13,12,14
ZpXdNr,BTKxjs,szbqHw,znZNcL,2007-03-16,2007-04-16,0.24,17,24
nKbbHe,kkKKvL,mjPKQh,dfnRGj,2006-12-16,2007-01-16,0.17,24,28
nqVsEi,xTAhOk,FTHbkb,aPOPBx,2004-04-21,2004-05-21,0.03,36,46
xdCWQG,MVbvmS,RJLGKn,gqiwqe,2011-08-18,2011-09-18,0.19,3,3
oitatj,odZaMg,GREthT,cGwTrV,2003-02-14,2003-03-14,0.05,24,31
QCadxL,nxTdIn,ERGybt,njljNc,2002-04-30,2002-05-30,0.19,28,32
lUlovd,ZPZVBb,xEUiWn,dHnnlO,2005-10-20,2005-11-20,0.18,46,47
cMcQSi,WYAtaa,axmfao,iwGrbS,2004-10-01,2004-11-01,0.13,3,11
ZRLwjh,vBKcNb,fXXTXf,Jcnwmd,2000-01-20,2000-02-20,0.2,8,21
zuASwO,PeFfAd,kijVro,pInzxW,2008-01-22,2008-02-22,0.05,47,53
ybmUEq,ixerKr,YMIoOy,llhvnW,2008-12-30,2009-01-30,0.0,48,59
VPylSt,ewXXQz,dCwZEM,dBUACc,2001-07-12,2001-08-12,0.09,35,39
LJMCAg,EsuDaP,QcdhaY,jeReID,2001-07-02,2001-08-02,0.05,9,11
kUdXce,rgrTVB,dLDKuf,qglAYN,2003-01-14,2003-02-14,0.1,1,14
WURfnO,utHbQv,PmiOxH,GexEVG,2009-04-20,2009-05-20,0.21,14,26
jwpFCD,PUQfWL,KLrQzi,PCBQeG,2004-07-01,2004-08-01,0.2,3,12
OKZlOB,DDNPNC,KsJKZH,jcIBJs,1999-12-16,2000-01-16,0.14,7,17
KCxApX,MpoiyE,CpQcRZ,rVcvhu,2004-03-05,2004-04-05,0.15,45,45
ClMRiV,bbtaOe,qscujs,PQfXkW,2000-11-24,2000-12-24,0.03,45,50
tiLFwT,CWItyN,UWPsEM,XcOTjR,2009-06-06,2009-07-06,0.17,25,39
wRRmQO,zTvplL,UXZcAb,yUcyFD,2002-01-07,2002-02-07,0.2,18,28
CXYfpi,cpeSWs,WZCrFa,hyqkTV,2009-03-05,2009-04-05,0.22,37,39
EAyjrX,CcwBQI,wCseQe,OdbVnc,1999-08-23,1999-09-23,0.21,30,38
vXEdJm,zmDJJu,TPgyNA,niHbHd,2009-09-08,2009-10-08,0.01,36,40
gUZNBE,HbigYo,HJkDAT,lyTYQl,1999-04-12,1999-05-12,0.02,25,37
OpuUVP,WLCkgr,LyTerM,akBRAX,2009-08-22,2009-09-22,0.17,19,22
rBVmfW,nFnzFD,HiMnan,xsmOiN,2003-05-01,2003-06-01,0.04,17,31
lwfxmZ,OQMpXv,OKKOUh,OeDiaz,2004-04-27,2004-05-27,0.06,20,32
bifEUU,SLHkyL,UOZpVo,cEclgx,2008-07-26,2008-08-26,0.02,20,21
UWmQvq,LtpFnA,YSQYra,SCBBRs,2004-02-02,2004-03-02,0.05,15,25
PLPDUo,bUGXoO,ARHpQL,RtwlQD,2010-10-14,2010-11-14,0.21,29,40
PHOWqz,DyIdaM,fBbILa,TmeGce,2001-11-01,2001-12-01,0.1,47,61
XXYLzd,sENygk,fitGsb,ZAzkYa,2011-11-19,2011-12-19,0.24,31,32
VOHGVc,xqdjqr,LOtBDv,RDIMLk,1999-12-07,2000-01-07,0.24,45,52
bbSgLk,ZqMQBz,aJxkRP,AnRmJw,2011-08-16,2011-09-16,0.09,40,47
EEGEfs,BErJLN,XrYIyI,jxRnun,2003-06-30,2003-07-30,0.01,16,26
SphORj,vmxllM,TONxfd,fNHplW,2002-05-18,2002-06-18,0.24,40,43
fEkbWI,FXPybZ,ioTecH,BNIfZY,2007-03-30,2007-04-30,0.04,23,27
nMgWkD,tySKTj,lNIKDY,fGlktl,2008-11-17,2008-12-17,0.22,4,4
shZtvg,tPbtQN,UMOCDl,CnFayH,2010-05-26,2010-06-26,0.24,6,20
Sijtfj,DfVzcK,IFGndY,uWQnfR,2011-09-07,2011-10-07,0.07,13,16
DIBeAq,ZJBjzE,tLIMnx,AIdwjG,2001-10-24,2001-11-24,0.07,28,34
bFpmmV,gyRPWq,nBxJyi,sOobmE,2007-06-27,2007-07-27,0.22,20,23
JmEDkM,LRHmaq,tfSHLr,cTrlGg,2011-08-31,2011-09-30,0.05,34,36
YrbQym,MSFFNN,qlPnyQ,tfARYU,2000-05-03,2000-06-03,0.03,27,36
NViqge,ETiXLO,mivKJp,AZykZG,2003-07-17,2003-08-17,0.01,34,48
VDUqHL,jRtBVO,wSiBDF,uZAcQN,1999-04-22,1999-05-22,0.02,42,53
OjwbLv,zBUCFF,XPPhWC,lmOPNX,2005-02-21,2005-03-21,0.23,1,7
HunqKC,iELhsj,aMCLdK,BpQkRt,2001-05-30,2001-06-30,0.1,0,8
EAecMU,fPxZCg,HBwUys,QPJTPJ,2003-07-16,2003-08-16,0.15,27,29
MeFdgX,kecPjj,BGWiNr,zGYgZY,2003-01-07,2003-02-07,0.0,13,26
yVxkLj,xDQYtH,CJruAq,GppjNy,2010-03-12,2010-04-12,0.23,12,15
OPaQcK,NWsLql,rrIZNA,IpdjNh,2000-11-04,2000-12-04,0.01,12,12
eLXYPs,HSeQeF,WgdOCJ,ntySWD,2010-08-03,2010-09-03,0.17,1,5
luUpMq,KjDNyb,pLybFq,WQpXkb,2000-10-21,2000-11-21,0.18,6,12
gJmAce,UmuVgw,ZkaOTl,DDtKGh,2003-08-14,2003-09-14,0.0,47,59
UaoUJt,ueustl,MiIAeu,HsHOGd,2001-12-08,2002-01-08,0.05,43,47
NaKFOB,KpNtkN,AjBFlN,KYFFRR,2007-05-01,2007-06-01,0.14,37,46
zIZLhQ,sCZnfI,enOfJL,sczuOo,2008-02-29,2008-03-29,0.07,37,50
MPoRXY,PBRUhw,RNhnKF,bgbxZE,2002-01-14,2002-02-14,0.24,31,41
lGZuQH,pbAikf,lNoCXB,qtQqdd,2001-10-22,2001-11-22,0.18,5,7
HBMtdH,irhJIh,vyQJPv,jZTJwD,2011-10-06,2011-11-06,0.15,5,19
hgtgit,VVHEtJ,SiOMNg,VwSYqG,2010-01-16,2010-02-16,0.13,2,14
zwudQk,mEEqsA,ucmjrO,BgjthA,2000-06-08,2000-07-08,0.19,15,24
IVNNbG,KbAlem,IPMXNg,EuZlhY,2005-12-01,2006-01-01,0.05,47,48
lkDKHJ,jDwbLT,BDjxml,gUhuhT,2009-10-09,2009-11-09,0.18,42,51
KbqtoG,cLerIM,kcJdXQ,mgobnJ,2000-09-04,2000-10-04,0.06,35,43
OvQUeK,bxhCoC,pirGNJ,SrPYhh,2010-03-20,2010-04-20,0.22,19,29
yYTruK,khSeqK,FJnMad,NzdGbM,2002-01-07,2002-02-07,0.05,31,35
MhgrdE,sSxAcr,XLThmA,qJWNkK,2010-06-26,2010-07-26,0.15,49,59
zLMhNm,HJVWvS,AQEgPw,reOhac,2005-10-26,2005-11-26,0.11,45,58
TSrpwe,lrizGt,xOEnxx,guPzzC,1999-07-02,1999-08-02,0.23,41,50
AUxRbT,fAdWQK,nySBpr,guDWYk,2007-08-31,2007-09-30,0.05,9,13
nLXKwL,mLKxJx,FAfdpB,mVQlgT,2008-06-26,2008-07-26,0.04,34,36
yAfcol,HOhMXH,ReNzMY,NBMRFK,2011-03-24,2011-04-24,0.23,1,11
hzDign,XKwEqT,XZCvVP,AjXbSU,2001-07-11,2001-08-11,0.06,19,30
YUfUNr,AOocbP,XPfXBG,qeUcsx,2001-03-13,2001-04-13,0.13,28,32
JnkrDc,THkFhO,iGlAmU,TlFuhY,2002-03-02,2002-04-02,0.21,27,28
pMRVxN,FSPdlP,DrdPNN,TGyBQB,2010-07-07,2010-08-07,0.16,28,39
GASuPk,oCJqnT,eHUMXO,OqdbrB,2008-11-03,2008-12-03,0.07,1,1
pbyuoW,ghzlWM,UHREwT,fgqgTx,2003-09-17,2003-10-17,0.01,26,32
oMJmIV,gZqZBl,BZDvRz,qcKJxG,2009-03-24,2009-04-24,0.22,35,38
gXyBBS,mYlTDb,oFbaBB,lPhQSx,2006-11-28,2006-12-28,0.1,29,32
dwJbUt,Etclpo,dRZzvb,ruMemY,2003-12-03,2004-01-03,0.23,30,32
KyLEYO,dVirSp,ewgTWf,DmLfiV,2009-07-06,2009-08-06,0.03,22,29
KyxSEM,COxuvM,xrsuRa,wdwZJP,2010-09-22,2010-10-22,0.24,39,44
pkUkYo,XCyllC,SBPLpp,LPqtDF,2002-09-21,2002-10-21,0.08,4,5
CfYXdM,xPDZvm,cjVuWd,DNDzZC,2006-05-24,2006-06-24,0.08,5,9
uijFkT,pEfaDV,IOASBn,eIvcmc,2010-08-07,2010-09-07,0.16,14,17
dANGOl,myLxvq,iLndIP,kLXTnU,2004-02-13,2004-03-13,0.13,36,47
fXoZKr,JzVIme,epxVKZ,IFMaEw,2005-06-24,2005-07-24,0.15,10,18
sORJkW,FiWUPZ,yPqPrD,AxjcQT,2002-01-25,2002-02-25,0.23,6,18
grugrt,Cfmtzz,LsVtGv,bIqjZK,2008-05-06,2008-06-06,0.01,29,38
ZSfQRJ,MmczTX,FHjEZt,TDxzcx,2009-11-18,2009-12-18,0.17,42,53
UEGStH,GEhycD,uMpghZ,mskgDO,2000-02-10,2000-03-10,0.09,21,25
NdKWsc,xqCEzM,ZNwAZn,WjlLIv,2000-06-15,2000-07-15,0.14,28,41
MnlGkG,NdxUAl,OQpBmK,JtACUl,2001-09-21,2001-10-21,0.22,44,47
JJsAlW,FYEtCH,JEavvE,tEHNYD,2002-05-01,2002-06-01,0.03,17,17
FrwRns,uiCcjX,DOKErH,ZtKcIG,2010-07-26,2010-08-26,0.17,36,49
AXwtiq,SoVWpP,bNmHvh,BIUCkq,2005-11-05,2005-12-05,0.14,34,37
NABfXt,mtpUYU,tyBJab,HWKVzd,2001-11-09,2001-12-09,0.01,32,37
BCTdbK,TMlEQU,stHvGL,DfTVdD,2002-11-29,2002-12-29,0.13,21,24
CbNzwy,afOdbc,CPjxUC,cHGBxp,2009-02-05,2009-03-05,0.11,16,17
OHGWcE,HEfQYQ,MAiLUY,aepsqP,1999-04-24,1999-05-24,0.11,16,24
TNxJFB,HvWODN,FNuzhl,nYoOyR,2000-08-25,2000-09-25,0.22,22,36
oWRetP,dKLuVJ,lDCtnD,qzEYeG,2003-06-11,2003-07-11,0.08,23,37
kOIqDb,LCDfLw,Jlfkrr,jvVcBP,2007-09-29,2007-10-29,0.04,35,45
JbxVUm,bZOHNF,RysCqo,PInUad,2007-11-02,2007-12-02,0.07,48,58
jaigtn,GVhsPh,vQJkry,WpxgnJ,2008-12-17,2009-01-17,0.09,25,28
YMBjvR,JYySAR,qTDHbg,cGrciK,2007-10-12,2007-11-12,0.12,39,50
Djnszx,aJJPFg,Skymuq,UCjJia,2007-12-19,2008-01-19,0.17,27,30
zMeCDo,FBXtWV,lfphGi,lPOdYZ,2000-09-14,2000-10-14,0.17,34,48
bcYUhe,hgOvnG,YbYirz,fwjBiC,2005-09-08,2005-10-08,0.05,35,48
DROqvI,McEeRS,wpZsVb,tWAuPi,2006-03-22,2006-04-22,0.04,45,58
ffPtSs,DyRaVL,qxehTA,BrpOmc,2010-04-27,2010-05-27,0.06,38,51
FHxget,YmhzoH,faYtst,pXVSZH,2003-07-09,2003-08-09,0.12,47,49
lQUWpK,zpZACx,McmYEC,WEYlFT,2005-10-15,2005-11-15,0.02,17,21
foqiOj,otKBHV,SodXQU,VgLUtc,2005-10-29,2005-11-29,0.22,12,14
HwQnFW,PtEWmn,KqHZOM,SzVRln,2011-01-25,2011-02-25,0.01,14,27
EuAotD,TYSrKO,xbaTxn,teYBPQ,2007-11-24,2007-12-24,0.01,37,51
XWjdvW,lpULwD,eUNsfz,VJzvDx,2009-08-15,2009-09-15,0.2,39,44
mmvZwx,DGykNW,SnMtCm,HsMVSv,2005-04-21,2005-05-21,0.0,28,31
UdsDlT,aHdauJ,ZfOTgq,zZGVBi,2005-02-22,2005-03-22,0.03,47,55
SXeVcG,qxDvqv,fNDILh,keSxMU,2004-06-14,2004-07-14,0.04,23,34
eFJHqZ,AtUURj,iFmhcw,pPlWtd,2006-06-02,2006-07-02,0.0,32,34
msyFmO,RjvNnC,BkwFHe,CuAYzY,2008-08-14,2008-09-14,0.03,5,14
AAxXXb,pwAaRk,DoKLtP,GwFPql,2010-05-28,2010-06-28,0.24,15,18
DcAXPs,GfiVMN,VeUadY,HEITpF,2010-02-20,2010-03-20,0.03,45,56
AHayaZ,enVTzD,qTylCY,dhWNhx,1999-02-10,1999-03-10,0.22,7,14
WzCAAl,Cendbc,sCnKgU,NVnGUo,2005-10-15,2005-11-15,0.05,26,27
aJyhex,fHOnAj,AfXjKn,WQonGz,2006-03-16,2006-04-16,0.2,47,54
WSMZQS,mzaPwq,Uzcfhp,DjeOyh,2000-06-05,2000-07-05,0.2,37,49
JyLFRR,kLLDvt,ZQfnoM,XTMYLl,2004-09-13,2004-10-13,0.03,46,52
mfZPJg,AhxfQk,jkBVhg,Wddlhd,2009-02-13,2009-03-13,0.07,23,25
ADDQtK,ArFapG,cscrZQ,BigNgw,2006-10-25,2006-11-25,0.15,38,43
kaXPtz,NKDoVd,cDVpfB,DfYVuA,2010-07-20,2010-08-20,0.17,25,28
UMvgag,jZDeUa,HSrcLy,RkoHAK,2003-02-17,2003-03-17,0.02,43,44
VaknnK,SsEFHF,zrLZCP,nFyRdx,2007-12-17,2008-01-17,0.22,27,31
KpCkMa,njTYyp,gvhnqt,joHdqd,2004-11-17,2004-12-17,0.04,5,17
mheSHY,NBlnjs,VkrOAJ,CNzubl,2004-01-14,2004-02-14,0.11,46,57
duJfqH,pSNbPx,HJdGkA,GQBlPq,2004-01-20,2004-02-20,0.0,4,6
HnlrIv,LvsNVT,ulUrUK,MgJwUl,2001-06-25,2001-07-25,0.09,18,22
aqglbi,yjqTnu,ylgpyb,BcWtSl,2007-06-02,2007-07-02,0.18,19,27
EBnNrE,yqoqFg,GydcXQ,eyIBiQ,2003-11-17,2003-12-17,0.21,46,58
XZnHYG,nrPmKf,TOcouT,rDhoUB,2004-11-27,2004-12-27,0.11,31,38
AXrWfF,CthZhF,SnjoWC,reaOmT,2007-08-03,2007-09-03,0.12,16,27
EnzstB,WkzQAI,eDJEoL,cXjLvM,2003-09-05,2003-10-05,0.19,14,17
jrADqN,DxCRaO,JbBbwZ,ptflYY,2007-07-17,2007-08-17,0.01,5,14
VPJvxV,QzEGVq,RIGeII,SqUafw,2000-09-16,2000-10-16,0.2,22,34
BmKmgY,zsLQkk,GDkjEA,owhrzM,2009-04-09,2009-05-09,0.01,45,50
dtkopw,JdWUWm,bkgQMJ,hutJlp,2003-06-05,2003-07-05,0.04,2,7
joaqUZ,MnUJWS,tQJMWp,aMUook,2009-12-18,2010-01-18,0.14,11,14
DfEUvR,twzVkl,MuNXfn,zDHYdi,2009-02-19,2009-03-19,0.15,25,32
bpwXdm,cCwoLN,wlqIbH,zNYxTH,2007-10-31,2007-11-30,0.11,2,12
vZQVoY,hHiQcS,hIBJMb,reDhry,2007-08-13,2007-09-13,0.12,40,53
uOTEoR,XlwpGQ,kRWyeV,gTSNjA,1999-12-07,2000-01-07,0.19,26,37
tBjsby,FZcAVN,QpzrOi,FjTREm,2010-09-10,2010-10-10,0.05,47,56
TdIADz,xeSnyZ,JFxxwZ,ETyYSV,2008-01-22,2008-02-22,0.03,9,11
sZTGIE,Vhtuko,VvPPJp,gcjcgG,2004-08-19,2004-09-19,0.01,1,2
Oirnnv,FgEXgG,NlTZlH,yJjWZg,2002-03-23,2002-04-23,0.01,14,27
qQUnYB,fzpbop,qQSXGq,pNUFVG,1999-04-13,1999-05-13,0.12,1,7
TGocin,khrRiy,npmokN,RnuXft,2009-08-10,2009-09-10,0.1,6,8
fmIVzn,RmGzbO,uzGMRU,sJaWvW,1999-02-27,1999-03-27,0.13,17,17
wfkymz,dByFQJ,CGiDtK,HExVXL,2001-08-16,2001-09-16,0.0,49,63
EXGLBA,KrtJhB,qukLLs,jvKUBG,2004-04-30,2004-05-30,0.1,26,29
zrfekn,rUqqXw,pdWLXG,mckILv,2009-09-16,2009-10-16,0.17,14,27
mipLwb,TxZnQw,vLDUyh,etGTZT,2003-06-25,2003-07-25,0.12,18,27
xohJaG,cPyiUS,ImPocq,RGsJkd,2004-07-02,2004-08-02,0.0,49,60
zorahV,biLzaP,vfoBCU,iKSfXw,2010-05-31,2010-06-30,0.18,43,50
JEUUtd,yLLZmx,ZcZfKL,SQHwvg,1999-01-25,1999-02-25,0.22,25,38
rCEeEJ,kmmXtB,nfRoJO,NTWmzd,2010-02-16,2010-03-16,0.22,8,17
QDWBIc,mvnXvy,ISCMBE,NLfSJK,2011-08-25,2011-09-25,0.17,15,23
GsNRfJ,fOZVpW,oNiEVD,PpyqmW,2007-05-03,2007-06-03,0.22,29,31
BecLmT,PLDJsS,ZCYCSt,vtuORU,2003-01-13,2003-02-13,0.08,3,16
fvZean,PFtDUD,iWuOEu,HoBlmM,2005-03-04,2005-04-04,0.03,4,14
FxHwWS,dHkTQB,irCFxA,RzidCC,1999-07-29,1999-08-29,0.18,21,23
lGqNTM,QXvXTa,pmitFD,UpZxBL,2006-10-26,2006-11-26,0.12,37,37
RIPkLD,GNUvYq,ZWqsPi,TjRibD,2001-01-18,2001-02-18,0.14,14,23
BTxINu,cPLTJx,yCVStD,vVbvDU,1999-10-22,1999-11-22,0.12,49,54
hJKuBB,DBjNCM,NJdRcT,xnVNAP,1999-10-14,1999-11-14,0.21,24,33
vkdfPi,aXuKty,ZNKNjF,kehUca,1999-02-22,1999-03-22,0.0,44,52
cnSGLp,XZpzux,nUuFQc,yADNVS,2003-06-18,2003-07-18,0.05,1,4
jjYmOq,pIaDzw,YBVivm,qKDSgk,1999-04-17,1999-05-17,0.15,46,46
CcBCDA,eXjrsO,otHIpf,WTJsCS,2009-08-21,2009-09-21,0.1,49,63
bgdyhR,HqIVYP,LjXRKv,LcgobD,2006-05-26,2006-06-26,0.19,30,37
mApVNA,jNdqQO,ZxNbSL,jUtCta,2011-12-06,2012-01-06,0.2,4,8
eZDEuh,JiUyxO,iEaUqc,miTbsy,2007-05-18,2007-06-18,0.12,35,44
TJTeZH,FVioRK,GAhJSA,swBFpI,2003-10-31,2003-11-30,0.18,30,43
bTQkOI,YRuBqS,XEYIGT,oZkSDs,2002-08-29,2002-09-29,0.24,42,42
glZsAe,SIhXir,lpUUSz,wANgPr,2007-03-14,2007-04-14,0.04,13,19
WyJrsl,pRyGhx,NHAGlS,IkCVho,1999-07-28,1999-08-28,0.12,5,19
nXKPfx,ugzato,AYGsxI,MxiTrF,2004-10-14,2004-11-14,0.04,8,13
bmNtnE,LAFhVu,wpmmep,RhlCHf,2007-04-07,2007-05-07,0.08,19,24
gBcfeL,lISpnA,YTwTho,pTOGLi,2001-05-02,2001-06-02,0.15,9,12
oFeesZ,KQAnUZ,urfjSm,VJjIZD,2009-05-12,2009-06-12,0.07,11,16
SjIDTT,iMRbGK,OFUghl,GmHJfc,2006-06-17,2006-07-17,0.21,33,36
BTPDOD,fyWEeD,SjrOqd,FOlnay,2009-08-11,2009-09-11,0.0,42,54
tmkNFe,maPZMl,txORiJ,caVFbS,2007-07-03,2007-08-03,0.0,14,24
xQyywV,kToTfb,UJykwd,HdOnfV,2002-10-01,2002-11-01,0.11,49,58
uoBzqG,MmMYDz,QLdVYt,mRxxge,2008-02-08,2008-03-08,0.22,38,50
gwdDow,VjCkTG,GLfisr,XNLqpT,2011-06-13,2011-07-13,0.1,16,28
MmjTrC,xxzpNu,FyjsKC,zqnPPr,1999-08-13,1999-09-13,0.1,13,19
xoaClt,tColWS,SgenFo,RFluJb,2009-01-31,2009-02-28,0.2,16,22
qJQQbA,xgtMqm,hMlMrp,yzcyAi,2002-08-27,2002-09-27,0.11,44,47
dHkHjU,kbkLow,RwsIZT,XMzlwM,2005-02-07,2005-03-07,0.01,36,42
znecPO,iBajAB,JnhSce,EtFTEN,2000-04-01,2000-05-01,0.03,38,45
bKcIHI,ZOaMYU,DSoJkM,rllnhb,2007-03-30,2007-04-30,0.23,36,42
DPVWxR,pMzqLq,jxljGH,JRIcXK,2004-07-02,2004-08-02,0.01,7,8
utOSXm,tkLvqh,VfbNnY,TPpeOZ,2005-08-05,2005-09-05,0.19,33,38
TCdRkc,DJXnqk,evuUAa,jbUyYu,2004-04-17,2004-05-17,0.0,10,12
HbXICH,uXPtPq,WTszRZ,gtQVAh,2006-03-06,2006-04-06,0.21,10,21
Iuvvpv,OiOUps,jQjjjd,qDeZyp,2010-08-12,2010-09-12,0.16,34,40
RxxSLG,QGsYfC,YiZzrD,DbZNnM,1999-01-12,1999-02-12,0.22,13,22
hBqHTv,LCFUkN,tbIAFL,SwnYpI,2010-03-16,2010-04-16,0.06,26,31
OseudX,sdnADE,iHYkbd,YuNmdO,2000-03-31,2000-04-30,0.01,9,15
eFwRpQ,rroFjG,ePmtuH,CUQBpM,2008-12-17,2009-01-17,0.09,34,40
BBdRnK,YuDkyJ,qrEUIG,ronwWf,2000-07-20,2000-08-20,0.08,10,11
dDoaOX,RjCmOg,tYIBFC,SiVYWS,2002-02-09,2002-03-09,0.23,4,4
MbgvqX,yZRMRd,SBqGuO,OSjNKE,2004-04-30,2004-05-30,0.19,23,28
cKSLOi,mcZEhp,PURCFf,VGcNBS,2010-05-17,2010-06-17,0.24,21,33
TnBxLE,SaKwnx,zqimkX,GZJFhg,2002-06-26,2002-07-26,0.22,20,32
SowXYm,YBpqhb,NwOYQc,sWDKxC,2010-10-09,2010-11-09,0.21,8,9
GvcFie,MWKBft,cURowD,ToaeQM,2008-06-18,2008-07-18,0.09,39,48
nNUffc,NVOCIR,Xdcssb,JCkUCl,2007-10-12,2007-11-12,0.14,35,42
dVxXDs,TAFfvt,DAEZet,AiaiIV,2011-06-14,2011-07-14,0.13,28,29
mnFWWq,jhatVz,UybouO,EXRLwi,2010-06-15,2010-07-15,0.18,26,36
CpZXLZ,uvkJFO,ueeWjQ,eDmWnv,1999-08-17,1999-09-17,0.0,48,51
GPECTw,ZoWVuT,BNZbHw,iCLXIB,2007-11-10,2007-12-10,0.09,17,22
RDLRRt,kMDlBt,hQxJHu,nOyzfU,2008-11-20,2008-12-20,0.13,2,12
MPvLBE,kopIcw,BnWwuC,NQHMSG,2004-11-18,2004-12-18,0.18,33,34
ZLaKfb,HLmqfi,cTkQly,azZkKw,2006-07-06,2006-08-06,0.23,40,48
TelDqt,JBtTlD,qjCOjb,ZyYUgo,2006-08-02,2006-09-02,0.18,4,10
DUjjRH,yVewDo,ftqqGA,lxbfcd,2002-12-14,2003-01-14,0.09,17,20
Iaqfiq,ierlXc,cXMTVr,uvKzmp,2008-04-12,2008-05-12,0.2,13,13
PlUylH,ErqCJg,noBAoc,vQhkiq,2008-08-12,2008-09-12,0.09,12,17
EHIhTE,HAkqfY,CSYbLa,vAFnMp,2008-06-19,2008-07-19,0.17,31,44
dFVcVR,oZVwtg,coSLCB,dBnvTH,2003-12-06,2004-01-06,0.07,17,30
lDOgOp,FwzpxQ,zvTseh,ToZPBf,1999-03-17,1999-04-17,0.1,34,42
zmNaFA,yqCIbe,OzdHYU,LOgNfv,2005-02-07,2005-03-07,0.1,37,45
BkQaZE,mMYrhd,KFDvsh,VfPBVp,1999-07-14,1999-08-14,0.13,39,46
vBiRyR,axZPbz,BSQefp,irfAuH,2011-02-21,2011-03-21,0.03,46,54
rfWJQC,GprCrM,pbVLfo,KoPBYZ,2000-04-27,2000-05-27,0.19,31,40
JlmhuT,SYixwx,xuijir,IDFSVK,2010-03-10,2010-04-10,0.22,31,39
uXlAtI,iiqdXb,TFzRaE,oJgNme,2002-12-19,2003-01-19,0.21,7,11
rajATE,rDJYVz,vGzFOE,kEzymf,2000-12-15,2001-01-15,0.14,22,29
lpWCXd,hsiyYd,ajSHxh,DOpZcl,2011-07-20,2011-08-20,0.22,39,39
LWllAk,iamRsP,EkQJZb,NLqfbT,2008-10-18,2008-11-18,0.22,6,7
qVmbTd,MwOtaq,fFDjMT,GcAsKO,2005-06-15,2005-07-15,0.09,0,3
fFxDuI,sNfFLN,YhbTXG,FXXURr,2007-09-25,2007-10-25,0.03,25,34
pgYQPX,YuyyaK,pjlUjY,sUhjgg,2008-10-01,2008-11-01,0.2,2,8
DWRncL,zNvVnM,EosCdy,wMIeeH,2009-01-08,2009-02-08,0.2,27,37
ZbCFCt,SqADJJ,nJgbyp,heZSyp,2008-05-13,2008-06-13,0.02,44,58
mVznFG,gkIeMb,bfPtOq,ZzndYK,2003-12-16,2004-01-16,0.12,4,4
nRrtDw,pSNTtq,dXocrf,fTFSkz,2008-10-04,2008-11-04,0.2,26,33
XDVXWs,qhFwGu,rxSHIN,JExiti,2007-10-22,2007-11-22,0.03,36,44
ASlzwd,kOIcgb,AfRZhM,rGaMaP,2011-06-11,2011-07-11,0.13,4,6
FpSiLa,ojzBwh,zneJRi,bJjHeV,2000-05-06,2000-06-06,0.16,12,20
CidPNa,qNSWpM,rfoozd,NYtZlm,2003-04-09,2003-05-09,0.15,12,24
ypSjUO,twPnKP,VnjNuJ,HVFcCc,2010-07-20,2010-08-20,0.04,6,13
XsaGGU,cktCjR,siHgLI,nFldJe,2002-02-21,2002-03-21,0.03,31,33
SOkRJf,lnIZyt,KBocZU,ovBsVi,1999-10-28,1999-11-28,0.08,38,38
tLZqxJ,xqwFlY,YYXOXm,MgPRyT,2010-02-15,2010-03-15,0.17,23,24
EkQhSs,CoNFQU,BcixDA,drsgcV,2003-02-05,2003-03-05,0.2,34,45
NEJiDD,WsqYtP,boDWgl,xyFeHa,2009-12-01,2010-01-01,0.04,48,49
FtOPXr,GsJtit,rpHOTI,JVuipu,2001-06-08,2001-07-08,0.12,31,38
whrqrW,QqYFGE,aFivVk,aYeRwa,2006-11-15,2006-12-15,0.23,24,32
qjkUDV,BawaXe,IZCCjK,UfOzhp,2003-04-16,2003-05-16,0.15,10,14
GOdeqw,TlNary,eGOWdy,GXtwMF,2008-01-28,2008-02-28,0.24,23,26
XIIuyV,VoxMLg,TpeZam,chxpkS,2004-08-18,2004-09-18,0.2,30,31
MUYkct,sEgoKm,fbxmwn,ispisH,2005-11-05,2005-12-05,0.01,47,54
uSdUgk,vxLbiy,uLaGnd,WWpASZ,2001-05-01,2001-06-01,0.04,30,43
kUbTaA,fLlcdR,Dtwuht,KAWnSV,2008-03-14,2008-04-14,0.19,30,33
wSEgfR,XCfTHi,lGQmkv,uYacgX,2007-01-01,2007-02-01,0.07,4,10
WaXvZH,Coyrwc,TdGuMI,JsjTRX,2005-05-16,2005-06-16,0.19,43,51
uOTRrV,fPMUrS,AvjMdb,RhOyqb,2007-07-09,2007-08-09,0.05,46,55
avtPXj,PiwiLa,lGUmmP,eRvUOS,2001-11-09,2001-12-09,0.02,9,21
MdzBTa,KfWMfz,UliEhB,vLFQcF,1999-03-04,1999-04-04,0.15,12,14
pYIBYU,mHAGCi,SPthSM,CmIkCX,2004-07-03,2004-08-03,0.01,12,23
LTLdVS,dVxSUM,QXabRL,Owoppo,2010-09-18,2010-10-18,0.21,28,34
GMGblh,OHinjc,OwpDsN,BTwbob,2009-02-18,2009-03-18,0.21,45,47
sURyOz,SDOmKq,nSsapi,eKDqrm,2005-10-25,2005-11-25,0.21,43,49
LUpjPW,Cqfwvj,XJowFf,ymOpEY,2003-03-08,2003-04-08,0.23,15,26
EvnlAm,QtJDfJ,ffGVhL,GBEaPc,1999-02-20,1999-03-20,0.07,4,15
NkNfTG,izBFcT,xgRWRd,eclFPD,2001-01-25,2001-02-25,0.12,10,23
sjGhMx,bPNRch,HNAPWG,UeYWxu,2004-08-23,2004-09-23,0.11,28,40
ovKJlD,RnJYLC,yhYjSc,hEDfxe,1999-08-25,1999-09-25,0.09,32,38
SLcSUx,SCDtiR,dnARwC,jHVPjg,2009-02-21,2009-03-21,0.07,37,47
BSTItB,kkaXqn,tJcCAg,FCjxQl,2000-11-13,2000-12-13,0.24,16,25
eBbkxz,NCmiTq,SVAdSd,yfBSbz,1999-01-30,1999-02-28,0.15,29,36
femyTA,GBtRpU,CnteZV,pbGXWi,2009-11-18,2009-12-18,0.08,4,9
NbuQBy,xHORZY,wXpXYJ,NxjRnd,2006-03-31,2006-04-30,0.13,43,51
cDSMjD,qxaWOU,otEzKG,qwxiBZ,2007-11-23,2007-12-23,0.0,33,43
uleWBE,ElcWHa,GCOmpw,NeOgID,2006-12-08,2007-01-08,0.05,43,51
dFEalP,XiyPLp,XdScSu,nnakLd,2007-07-10,2007-08-10,0.15,26,31
IDTuUm,JiSCZV,MmcJYj,QLVDMQ,1999-02-25,1999-03-25,0.08,24,32
djAxvT,QSroUn,kydLdl,jewByj,2007-12-11,2008-01-11,0.22,30,38
AugFeH,qFKCJY,JsxuzH,akqrbV,2011-11-09,2011-12-09,0.04,31,39
orcmHS,bpeBSo,YiBZmv,RjVowS,2007-05-05,2007-06-05,0.2,25,26
FLxawZ,XrxeCw,geJlqY,YQtntx,2000-07-22,2000-08-22,0.04,3,10
RmNVUD,HfXApO,sQZQfA,hDyxjn,2011-04-14,2011-05-14,0.04,28,42
SJqaUg,rgDVHE,rXPGNF,HWthcu,2006-04-07,2006-05-07,0.16,4,15
rNxEPG,byynRH,ZUpYLr,dRNFGY,2005-07-01,2005-08-01,0.13,37,40
ZOIQUp,NuqXDE,DJftPb,ciAFmT,2002-06-08,2002-07-08,0.03,34,42
zdOmaU,zOVuyC,ULUMzq,nQTkLL,2010-06-26,2010-07-26,0.08,28,35
VdwBXO,niPPar,qpOiVH,qOJwLd,2007-06-16,2007-07-16,0.06,8,8
LzeUCE,ocmgMD,ahyfWU,EVCVrE,2011-12-19,2012-01-19,0.09,36,41
gLEyLP,vEstoM,UvNkDu,qRciHc,2011-07-15,2011-08-15,0.1,36,47
IIGWmk,HXVXOS,UzYVPP,LhPVCn,1999-06-07,1999-07-07,0.09,33,45
Ecamyh,oNVBZh,vzrPNG,yBhoEe,2001-12-14,2002-01-14,0.13,14,17
ptVcgT,EZOfWu,wdtgoM,YBJmSs,2007-01-22,2007-02-22,0.15,0,12
uQpgdL,uEILwb,vcyfHD,jQcljF,2007-12-04,2008-01-04,0.04,48,48
CXqCGm,ZyzLKr,NexXSE,VYEZER,2000-08-25,2000-09-25,0.24,43,49
TEVNxV,kvRcgB,YihaON,yfHNoZ,2006-11-28,2006-12-28,0.1,5,15
MBeRgE,NqYPqd,tmKjld,gnLcuH,2000-02-26,2000-03-26,0.03,2,13
MEqKSF,EYXilE,IwjExp,vbDjyV,2011-12-05,2012-01-05,0.02,23,25
NjJNHd,wgXeJo,QHqsAO,ONCVZl,2005-11-10,2005-12-10,0.0,7,13
LMMdAh,iolCsw,bzVHOq,tTaJPZ,2001-07-25,2001-08-25,0.07,19,25
qVzgrV,bPrjTm,TWUETu,MoNoCp,1999-05-07,1999-06-07,0.02,48,60
tVgGBY,qvfSIR,fXTlGS,MpFLKU,2000-12-05,2001-01-05,0.0,2,10
IvdWPg,XgNwWJ,kHcxtK,nytGhL,2003-06-02,2003-07-02,0.04,30,37
MiuljV,uGxprP,tDQEkQ,kFJWKA,2000-02-12,2000-03-12,0.07,44,50
CvFsTi,OmkMyo,RinFEF,ctJjCW,2002-11-18,2002-12-18,0.06,2,11
MjxDFP,nboElW,RNyzQV,FojDkr,2009-07-28,2009-08-28,0.0,27,35
cWasFc,GbQXMx,EtrRkq,UxYXnt,2009-08-07,2009-09-07,0.17,29,43
QwJfXk,uzawQH,lrCylm,vOxkfb,2010-03-18,2010-04-18,0.04,13,19
vAGIqG,pMtxyh,nfDfyt,peRJgB,2005-10-21,2005-11-21,0.08,45,49
rDKeBw,agqnlu,ULcSXx,ztZAgf,2000-01-29,2000-02-29,0.08,47,53
vnwpaT,sRMmxB,ZBZIdf,AOYPcJ,2009-02-17,2009-03-17,0.1,46,52
vlteIB,PNKgeV,MfCacu,ITrjvU,1999-01-15,1999-02-15,0.18,10,10
GspwVM,UNrZgJ,JeIuKT,BQZnly,2006-06-30,2006-07-30,0.01,8,9
iaiWOl,BWGxDW,fuchdO,sVsSUc,2008-02-29,2008-03-29,0.2,31,41
jaKluq,pQLFgv,TRFsHG,duMjhb,2011-08-10,2011-09-10,0.2,18,25
MrJtYI,fJmqFy,KhOFNw,OhBHxM,2002-12-10,2003-01-10,0.05,20,26
UqzisK,GYXaHc,OwIiiu,FxJOJa,2010-01-11,2010-02-11,0.12,24,24
DQIjlU,KUIhGd,wMOuyR,beriZA,2006-06-14,2006-07-14,0.1,1,11
YkDWGu,WLOiwv,dlAXrx,FogooY,1999-05-18,1999-06-18,0.06,11,16
lGbCuL,xbVQle,QrHaWp,DFxoaM,2005-10-25,2005-11-25,0.17,5,10
qfugup,oZXpQd,URJxBF,eevtKb,2001-03-12,2001-04-12,0.18,37,51
URZVrf,uChlyN,scqehF,hsQGhr,2010-04-19,2010-05-19,0.07,27,33
PfWvUX,mRvzQy,fItaog,kwBHFy,2008-02-13,2008-03-13,0.04,34,38
qzERIG,vGKtac,qaIzHM,GAATIx,2008-11-10,2008-12-10,0.22,13,22
VvLZdA,qoBPte,dHGaNo,ILRPyO,2001-10-06,2001-11-06,0.1,28,40
OuxxbX,CnENMk,bTEKnK,fTHjhB,2005-01-28,2005-02-28,0.13,2,16
tRMjKI,yebAWh,NTppfR,fWRUAM,2010-01-18,2010-02-18,0.23,7,16
GzYQHx,wcikKx,REbpda,Hnvlhn,2000-10-30,2000-11-30,0.2,5,19
Omhsnx,Udfunq,YQzDba,dymVLW,2005-01-27,2005-02-27,0.22,43,53
qiUgeH,iOlAiQ,tlgzma,QHmLoD,2006-03-10,2006-04-10,0.1,32,46
QfVDjt,AhjPUF,yciKmO,wXRFUM,2003-01-06,2003-02-06,0.24,22,33
NVQhGn,MaSFzi,SvOGIt,ucdgeV,2002-09-09,2002-10-09,0.11,20,29
ZnYzgr,MEzqAI,XHBhWj,PbFcVv,2011-03-01,2011-04-01,0.23,15,27
LZcsht,eohyYu,YAcBdk,GraZCJ,2011-07-08,2011-08-08,0.14,49,59
lBoHPv,GCXsup,MZTydo,ePoWec,2004-04-20,2004-05-20,0.01,35,38
ISjDpw,gJGQsO,xsZAxP,zDLhQg,1999-02-02,1999-03-02,0.18,35,38
yvhEGr,pqnaHo,SnvYWD,BgyCwo,2005-10-05,2005-11-05,0.22,49,61
zOmJym,YdxzbO,sCuDvS,WLuqQj,2011-08-31,2011-09-30,0.0,9,21
NgTpsf,VhYeLE,sHxtsT,Mznzep,2009-05-30,2009-06-30,0.07,20,22
YeJpTC,GbZXqL,kOIAUz,zPvvgg,2010-10-11,2010-11-11,0.21,48,56
eKTpbl,UkaSQC,VlZzgW,eXJVWN,2001-12-08,2002-01-08,0.07,24,36
XQPlHK,zdEyFZ,GYcfhS,eVtntb,2001-01-11,2001-02-11,0.08,13,27
EfOHSb,jxPTvV,jcclHX,ZHzWyS,1999-11-18,1999-12-18,0.06,19,27
LWwIDX,HYYCWt,IKcJXT,klqzIb,1999-12-22,2000-01-22,0.13,41,47
qNFsiw,HmBMJn,kSTFlq,VaAZBm,2004-08-25,2004-09-25,0.12,1,13
jqcDVf,wOPMeN,SUpCha,jixvVW,2003-08-12,2003-09-12,0.03,26,32
mkDCWp,DvqYHT,SdRcvq,EuKiQo,2003-04-09,2003-05-09,0.12,1,10
xgYxbU,XqvNkQ,OIPUiU,MRbneg,2009-10-13,2009-11-13,0.07,39,46
ksmaBL,mdSUjx,KvlkAe,mtXiUR,2007-11-29,2007-12-29,0.18,12,22
itnxod,wpcWoj,vgcKCQ,LwMTgI,2008-12-19,2009-01-19,0.16,24,34
OjkAPI,RzrbpR,jGWjBG,aCCVyE,2009-04-22,2009-05-22,0.23,48,50
QhNmnd,XhqkEl,ATRZUT,JbErak,2008-12-11,2009-01-11,0.17,42,54
mPFFLW,BwSLUn,kQDLuG,wpkNQU,1999-05-24,1999-06-24,0.23,0,10
zBUEYO,MXqyAu,hgsnYp,HJjgEP,2001-06-07,2001-07-07,0.08,5,12
ivqPqW,abSSDK,UPhfGV,UetrMp,2006-11-28,2006-12-28,0.05,46,53
YZOWWK,BFNYWH,ssFCjT,lTaBlk,2011-08-04,2011-09-04,0.21,28,37
zIfACI,gCxOFB,BqOUqR,AlpryB,2006-07-10,2006-08-10,0.06,19,26
neAjPb,bdNSHs,nimIIl,eyMITR,2008-09-29,2008-10-29,0.07,45,46
cUyMSQ,PrfXDi,bwZpnZ,gaCUKG,2001-07-30,2001-08-30,0.23,19,33
NnVpNb,ckTwJq,qfGCfk,FpuIih,2009-07-11,2009-08-11,0.17,7,20
TSKBPG,bslIqC,HcKexh,dBGHyd,2000-03-07,2000-04-07,0.2,18,30
uFiVvS,WCVXHs,snXJfa,zlxiuP,2003-12-13,2004-01-13,0.15,48,62
LaIlVb,MAaYjs,hwDVPS,nfdVsn,1999-09-08,1999-10-08,0.08,18,18
fqBtaW,wOCkNp,dGZIBI,msHoUE,2009-04-22,2009-05-22,0.22,36,49
xZptFg,xLcSyI,QOVduF,nFaPiN,2005-03-03,2005-04-03,0.0,34,42
sUBIRh,KzBgAr,CJLapt,cCpTYF,1999-02-19,1999-03-19,0.0,26,38
USzgcM,uAJABU,wHuOAM,GKQfSx,2010-06-03,2010-07-03,0.08,44,46
KLQNyW,cUVdSw,vfHbYx,jazXWJ,2006-07-20,2006-08-20,0.19,21,30
guwBqo,XRZNao,PNgawc,BWEvYn,2010-05-07,2010-06-07,0.1,16,29
KSNAvn,dvMavR,aQlqLA,VjHmct,2006-11-24,2006-12-24,0.09,9,16
PvncJs,OfkgEx,ybFgZO,fbESWX,2006-04-24,2006-05-24,0.11,13,19
DxBJaS,rzgrlc,YMVatC,dImigQ,2004-06-11,2004-07-11,0.11,43,57
YQWRJL,WwWPPT,oNKsBp,UqOqRm,2007-07-10,2007-08-10,0.09,45,47
lhjquo,ffjMJE,PBDVif,IcZSZg,1999-07-15,1999-08-15,0.23,39,41
bHKgea,JIQgCQ,nHueDP,nSpNqO,2010-11-15,2010-12-15,0.19,17,17
AOVtBX,PyRbmR,piYZcd,PkJxKn,2005-06-01,2005-07-01,0.03,39,44
jmDjZj,sZBTsR,keSERr,hvWywP,2001-03-12,2001-04-12,0.06,39,42
MEgIMA,KQijLa,psHDBv,zmgKPw,1999-11-30,1999-12-30,0.13,40,44
zLZYop,DrUDGO,ufnKnX,sWyFFE,2003-12-17,2004-01-17,0.21,46,46
Ieooyo,jICkAd,mLWMOt,sLYoVa,1999-09-08,1999-10-08,0.1,46,60
MlpTDW,yAECVD,BHFEBz,aLjZVE,2006-01-30,2006-02-28,0.05,13,17
PotrfQ,WMzOVs,oDKFiF,qTkMvu,2004-12-18,2005-01-18,0.1,37,48
gBEmWN,odyTMy,rNntPB,nUjSxO,2001-06-15,2001-07-15,0.2,45,55
mUYjhJ,lVQcrT,txtkTN,NIhjsJ,2001-08-02,2001-09-02,0.16,35,49
YBWmwK,PZPicU,IOQavD,fKomxw,2006-09-09,2006-10-09,0.09,16,29
pjKyVr,SyIOsR,OsIpRY,NPUjra,2011-01-14,2011-02-14,0.01,15,19
qavQPg,LiXnIZ,BOaOmO,uEjUWA,1999-02-12,1999-03-12,0.09,17,19
WUTcrd,vFBNvx,UTrkfQ,NPssAs,2002-09-16,2002-10-16,0.24,38,46
ZKRygb,IvXjqV,OuHyaC,WBwanS,2002-09-03,2002-10-03,0.12,12,18
TNRmDT,pMEuie,pAyLVC,UJGWgR,1999-08-09,1999-09-09,0.14,30,42
scXhLj,rLVRVC,tNVxLD,MzkTEZ,2009-09-07,2009-10-07,0.19,6,18
LGRRch,YgoBmN,yIqojj,GsAmyF,2010-01-06,2010-02-06,0.23,38,43
OOdaHe,QloFyy,pUVOSA,LiRKar,2004-08-03,2004-09-03,0.13,36,40
wBtjAC,zwLRxB,TaLcoR,RIvtWg,2009-08-19,2009-09-19,0.02,5,6
BZAPTp,jzJuuE,JoIpoU,UTUVgQ,2006-01-21,2006-02-21,0.14,35,45
WfpZJq,adQhAk,KQmnPU,oejafx,2000-01-14,2000-02-14,0.07,4,5
HmGyft,zvOfyH,ZGIKlu,nXAiBH,2006-10-03,2006-11-03,0.15,36,39
XvKwKC,ZgJCDa,jeuFAz,pIBfCm,2001-03-23,2001-04-23,0.14,48,49
XwdZnl,yGLHkn,klxkOu,lBPKyg,2011-11-29,2011-12-29,0.2,20,22
zHwEwr,CQIRGT,KqJIpR,uaawEv,2007-10-20,2007-11-20,0.03,4,7
XIdSlN,Kvidpm,VucUbZ,aAEtIi,2010-05-22,2010-06-22,0.09,2,6
vVNdZN,pMOWHd,aKrWHc,vRiOKY,2001-07-13,2001-08-13,0.21,33,40
RBgEna,giEalD,pFkZjE,emokts,2008-08-25,2008-09-25,0.06,34,40
EJugcE,cJKfSP,OHQREu,QpWjzu,2007-05-02,2007-06-02,0.06,19,27
budzPX,HhcutM,rcXoIJ,dsChaf,1999-03-31,1999-04-30,0.01,33,42
nxPQNu,cqjwDe,DayPyq,kEXLIY,2005-11-23,2005-12-23,0.05,34,34
yVawcy,nfgQXK,WsbVZn,uuNket,2000-01-04,2000-02-04,0.23,16,18
ayyBWQ,ULynYw,RmvYVC,USHHKW,2004-11-24,2004-12-24,0.15,30,34
pUpYkC,oUsBVd,lInkoY,IVacxn,2010-02-13,2010-03-13,0.17,42,54
TdzqwK,EbhvRv,uuwSNJ,IiTHoo,2003-05-23,2003-06-23,0.11,29,29
RVDOVk,KxjiHn,sDNlDr,lxJLDW,2004-04-30,2004-05-30,0.17,18,23
gOnasU,UwTFMX,PgDFMA,lFyEmt,1999-02-03,1999-03-03,0.18,29,34
PmcOuG,DpuMnd,gSYUBO,MgxowF,1999-11-06,1999-12-06,0.22,43,53
pIwsNI,gQvhlQ,DjADYg,Elgoss,2007-09-22,2007-10-22,0.14,25,35
ZEmWCv,feoepC,HmbZbh,Olygqh,2004-12-10,2005-01-10,0.01,13,20
UiJYBF,OiUJMq,JRulJe,FsMnMj,2003-06-28,2003-07-28,0.24,27,37
SRJMTO,IoSMoP,RBgGfF,KILxGp,2008-09-26,2008-10-26,0.2,39,39
BmmkJL,dLfAvC,aBIagN,UdhjuX,2002-12-19,2003-01-19,0.14,12,24
olVIaF,WRwNWa,KZSmJu,RuDstg,2005-05-03,2005-06-03,0.18,47,59
iuojOg,zwUSDM,eysioc,mcqvcR,2004-01-07,2004-02-07,0.22,32,42
CTOxtH,rQaUVT,xbFcuX,RRCXSY,2011-09-12,2011-10-12,0.17,13,27
xczrxs,bMBuzB,hHPdFt,OmlEmy,2000-01-24,2000-02-24,0.09,23,33
LBwIpQ,EneFvI,QrXBZr,KsRGQy,2009-06-02,2009-07-02,0.04,15,20
OcUdKA,epzBli,XJRXgY,oHysXA,2002-10-26,2002-11-26,0.14,8,18
ZvzRwo,oRHfkV,GCBFVw,vyxazR,1999-03-02,1999-04-02,0.2,34,41
mbmABs,NNcBSV,AmnCQm,AWFeqe,2008-01-17,2008-02-17,0.18,46,51
hLMQFe,kWDAWe,qNNBOM,GdyoMK,2001-11-13,2001-12-13,0.06,25,37
OBAdMf,sXPchK,URKeuk,nUqMFu,2002-01-28,2002-02-28,0.05,4,15
KuPXCp,gmHDER,htXMYi,KIfcUN,2011-09-05,2011-10-05,0.23,45,45
jyFDxy,NWJqkp,vHkrHm,VvWyDF,2006-02-16,2006-03-16,0.0,0,13
ChuHJA,twJQxQ,zhBQqx,cnhLly,2009-09-18,2009-10-18,0.16,34,48
SjwJDL,UnIvfh,lAnFmg,PkcXef,2002-11-15,2002-12-15,0.19,33,37
mzkfKu,GOBltQ,DRtfcO,JEIiRx,2007-05-15,2007-06-15,0.19,21,33
wBaVLf,FPMPXn,cRQBaH,UnzXfc,2000-11-06,2000-12-06,0.09,36,37
jGzLVj,XAZumU,DsGCat,NiTPsA,2003-07-01,2003-08-01,0.13,49,53
GreZEb,yBuBYy,ozHBDo,IISeIc,2003-08-25,2003-09-25,0.03,34,37
VDWEEe,NIWsbW,rEkJdd,hFwDQw,2010-03-24,2010-04-24,0.11,29,41
kdxKaK,GyaFwY,kCDvmH,olQIWu,2000-08-28,2000-09-28,0.22,30,34
qGBfIs,xKygDz,gukaZK,EmvbYZ,2008-07-10,2008-08-10,0.15,3,3
grSNdU,qYPvsF,pIwoMu,vNxtZH,2011-03-03,2011-04-03,0.1,47,57
yTCCFc,wEQAFu,JbZFGU,zQHWMV,2009-07-08,2009-08-08,0.05,12,24
qtgtOL,HgXzyj,WIekJA,QysCmK,2002-03-18,2002-04-18,0.22,21,23
gPFtTs,QGNOFq,RYRmHv,QvbAop,2010-09-01,2010-10-01,0.02,16,20
JohHna,stwEQR,aocJTN,MoNEbk,1999-06-14,1999-07-14,0.2,41,47
SuFhUl,cyqOvC,ZSfnXS,RWgBoD,2010-02-05,2010-03-05,0.09,4,5
zjAExz,bGNbGT,PrZswH,nNKmbb,2004-11-18,2004-12-18,0.21,18,28
STyGyv,kOXkuk,nqCTvn,SSfRsy,2005-11-07,2005-12-07,0.21,49,52
UnAMcK,TYePel,coQvcm,TEphKG,2002-01-14,2002-02-14,0.15,16,29
JggqAp,okGlCI,FmJJdS,ZCDemH,2000-05-19,2000-06-19,0.2,36,39
YkIOcy,KpFuoY,SofXtF,opVCJV,2002-07-18,2002-08-18,0.21,41,54
INJYiR,AoTzaC,cGAEMc,xyVSvU,1999-10-01,1999-11-01,0.05,18,28
bRytpM,TfnGrI,JVGzot,BDQyLf,2006-05-25,2006-06-25,0.18,48,54
YYbRNI,vBexuj,ohJcoL,zzJgmb,2011-02-05,2011-03-05,0.14,35,43
pdRjFV,QgtbLo,cQxGzr,ZXRfow,1999-10-23,1999-11-23,0.0,4,9
ejAKDA,cCBZMR,ZsIYcU,FcmzxN,2008-07-22,2008-08-22,0.23,28,28
nTRLMz,xVWYUN,sejeIk,auyImU,2007-12-01,2008-01-01,0.0,38,47
LekpuK,RHZnVz,XpPHSl,DqoBmX,1999-02-20,1999-03-20,0.03,5,17
ASemWI,rgRLFA,btCyhi,VTvfBk,1999-06-22,1999-07-22,0.05,11,20
obEKLC,NkcNKF,hdIbxP,dfhPEE,2006-02-21,2006-03-21,0.07,0,8
vpzdPj,bhWFuV,KAXxVr,lLoASh,2000-04-18,2000-05-18,0.12,16,22
OzgnvQ,jAezDq,DxGjdK,sxQfCj,2008-01-23,2008-02-23,0.19,18,20
xhCApD,WNJXbS,LqbsIL,StIlCx,2011-11-15,2011-12-15,0.13,28,35
lyhtwp,GNWlex,mUbAFR,RDGaYo,2005-10-03,2005-11-03,0.0,32,43
jbXqEe,eTkUdB,COXTFd,HXbVPI,2011-11-30,2011-12-30,0.06,22,24
goJdkP,WtUaFC,TXuCFe,kHcizm,2004-10-05,2004-11-05,0.02,13,19
uSIoRG,IjlFKI,FDDFck,QFSwEk,2011-04-25,2011-05-25,0.14,46,46
uCfZzJ,FsOcLF,RcKeNk,iEIyWq,2001-04-23,2001-05-23,0.03,15,19
wqoixb,nQQjTQ,IQDLJd,SoIRvJ,2008-07-10,2008-08-10,0.1,8,16
fulAfW,GOQJQo,MdrofZ,lkMEzn,2006-04-04,2006-05-04,0.02,20,22
DpcwmL,IuVVMy,KIuEzC,IhvjwQ,2003-01-14,2003-02-14,0.09,10,10
AVcRNO,wfBpJH,unjZNu,uxbmby,2008-07-18,2008-08-18,0.06,32,33
hRUwjt,rwLDkx,eYAadX,IStkTj,2011-01-24,2011-02-24,0.15,5,7
lpuaHs,YoVHZD,FXeyya,fyWoIX,2007-04-10,2007-05-10,0.23,34,37
JffHcq,buZFHF,fJJvzN,tgssAz,2006-04-12,2006-05-12,0.05,46,59
vMySAV,kztBML,pQzcwh,zAfACO,2000-02-16,2000-03-16,0.1,15,26
udFtOp,bKTnXa,aOUsSg,cLFuPg,2008-09-12,2008-10-12,0.11,20,30
EgCWLL,MXXkUO,bFQdaV,egMIXN,2002-06-19,2002-07-19,0.11,37,50
yguRIO,ziZWjZ,aYyJAo,kLCAUI,2006-06-28,2006-07-28,0.01,34,36
AxCnJz,HTVoPR,mKCNvo,GHWXng,2006-04-21,2006-05-21,0.22,34,36
QbmnNY,dgeeEO,NKmyQh,vEIWxW,1999-04-05,1999-05-05,0.05,31,44
Bktqpw,FoCJxg,UdUzcc,YeMJLM,2002-05-25,2002-06-25,0.19,28,36
RqcrMl,PcEhht,STmEnI,FZmedP,2007-07-19,2007-08-19,0.11,28,42
BMRcgG,MVjnVW,FhHkvB,REVtXt,2007-07-06,2007-08-06,0.17,26,27
wRQCEv,MhYnjU,fMwvCB,HQcUSt,2007-10-10,2007-11-10,0.0,6,11
uvNZgz,FvEmsT,Xtcmqm,oacAay,2011-01-11,2011-02-11,0.12,9,15
ZmORfC,mcKyEq,wUNPtL,uGadnG,2008-05-26,2008-06-26,0.08,1,12
sHozNz,SkblWY,OBxMSy,iszTYP,2004-11-23,2004-12-23,0.07,7,12
wnJUlZ,nsurmJ,uyQyoo,uVWYwQ,2004-03-01,2004-04-01,0.03,23,24
sxiCHF,gwSfQz,PkSZvA,NNkbGj,2000-10-21,2000-11-21,0.15,5,12
dEUNNu,rrVzHX,MCUkIR,LNeDgN,2010-01-09,2010-02-09,0.02,42,44
WUYSlS,hiVbxP,CrhnEP,aOEEGX,2006-07-07,2006-08-07,0.11,17,22
AhUXBg,rQPXdy,KVXNKO,wmjgsI,2002-10-15,2002-11-15,0.08,49,58
hJoyaT,znzIio,jMzCNL,qozaEL,2011-08-05,2011-09-05,0.05,26,34
KoeZEG,KiAMuA,ayvyXM,ysUVXG,2009-05-14,2009-06-14,0.03,45,55
aMDHdZ,oZAzQy,fodCau,UogvDu,2011-08-26,2011-09-26,0.21,34,37
zouckU,pwAGdc,TKhSTu,GdcfcJ,2007-10-13,2007-11-13,0.07,11,21
YOSRMr,oyaVZn,iByHVE,CjZlJE,2008-08-18,2008-09-18,0.24,4,10
pRNrEk,KqqPyp,MGWokI,JotoZr,2009-08-27,2009-09-27,0.18,49,59
bAGbiv,NlaoRL,xZcyiY,kRxNOH,2008-06-24,2008-07-24,0.22,19,29
DrglRd,qfkJXo,YHeoAx,vDANsi,1999-01-15,1999-02-15,0.09,9,20
BbaGkF,lihUhK,NKYlqR,iSboBE,2007-02-24,2007-03-24,0.02,37,50
GBoBSl,qMnnLj,TJBmFD,yNDCVP,2001-11-19,2001-12-19,0.22,40,49
NqlGLj,QgLgvo,aXiZVo,KzXIuS,2007-01-03,2007-02-03,0.04,25,31
oHMxiQ,wLCXWN,qbatez,DYjlhg,2010-04-05,2010-05-05,0.07,1,15
poUkBE,kLIhdU,sNqJHy,KsVYlc,2011-11-04,2011-12-04,0.19,2,9
wpXORI,emlyef,dEIety,YWELHe,2010-12-09,2011-01-09,0.18,35,45
HBaQfr,KpnSGm,wtDuXC,jHTvFb,2009-04-02,2009-05-02,0.17,8,22
JOMafB,XsSpke,VUegSp,nThZXA,2009-02-09,2009-03-09,0.07,8,12
VMqEnz,tnhHmM,LBHolO,WmokXM,2001-10-08,2001-11-08,0.06,31,34
JpzHop,MAfJol,gDRsVe,HdYQgK,2003-01-10,2003-02-10,0.12,7,16
PDXiBp,DdNWXk,cuQyWB,bQZcsu,2003-05-05,2003-06-05,0.03,38,38
TdFnpn,SGUgNE,hoXOlF,MbjIOJ,2003-10-08,2003-11-08,0.14,30,31
qNECwp,AfMaSF,jSFslg,zJJjmV,2002-09-11,2002-10-11,0.22,12,22
XNfsUZ,VtLAoB,BpwZTX,FLigYW,2000-03-22,2000-04-22,0.11,29,29
qyrJrD,VhaBKe,vCrqca,jWQLMx,2010-03-04,2010-04-04,0.13,27,32
wEEueC,ZmPEMO,RcXuWs,lRHCsv,1999-02-15,1999-03-15,0.04,22,26
quFaFa,MwNdyH,grUcYv,kBgsjf,2000-03-30,2000-04-30,0.2,41,45
YXaVdx,DaYPQA,qsouBT,TlOznI,2001-09-18,2001-10-18,0.14,48,52
rrnAbN,xTPPkR,lLLBDw,fQaFve,2004-12-10,2005-01-10,0.18,34,38
ngRgXM,ETVhTq,qfsdNi,XTjVwe,2005-02-15,2005-03-15,0.03,0,2
wnUDsd,VQaGdz,vQtxnA,wITewW,2000-03-27,2000-04-27,0.11,1,3
kEUojl,FShfOk,rmSTyQ,WqTPow,1999-12-23,2000-01-23,0.17,36,45
iZdedm,AdveOu,boRYiZ,TJvzFv,2001-03-20,2001-04-20,0.05,24,29
MNzQWH,rXMKLk,ZxUvNS,RYdaCy,2010-04-21,2010-05-21,0.07,30,35
elhvXC,cYXmFE,SRsKjq,bWfdpb,2002-04-12,2002-05-12,0.01,47,49
ErpWvx,JvSlsE,tygNYo,ENXtYn,2006-01-21,2006-02-21,0.22,24,26
XXgIle,OQQTkV,GUqLUt,qxFBlI,2003-06-19,2003-07-19,0.06,4,7
NboQDr,pJVRfl,nXPudt,oWuttN,2010-09-15,2010-10-15,0.09,12,24
KYespr,NSXRQz,YbOLWW,avmqna,2005-05-14,2005-06-14,0.02,13,22
HyIiwM,tYqtjS,ygKIHh,GdEaxJ,2002-12-19,2003-01-19,0.06,12,23
syaJZz,ZHzysi,CjnMGX,mBomoK,2003-03-07,2003-04-07,0.1,33,43
KhJFtd,iCahci,jaKfnd,nXekZo,2010-12-13,2011-01-13,0.18,35,35
ssOHdL,kRIOAj,gOipaw,gLtLMs,2001-04-11,2001-05-11,0.12,13,13
AwWwBF,QzQOVp,nNeioR,oMhSBt,2005-01-21,2005-02-21,0.05,14,19
JYHwtW,IQEWZM,RWbmYM,jiPsKo,2004-05-24,2004-06-24,0.11,35,35
EeChOY,CYydzi,EpPUue,xuFJzx,2005-04-12,2005-05-12,0.09,4,8
imYdjU,SAszsy,bMDSvo,DxAZXm,2001-05-10,2001-06-10,0.17,13,14
DEQelu,BFKREu,oaLOmT,poyepF,1999-09-01,1999-10-01,0.05,47,58
jpLxZi,lbvgBT,JCcrpL,wwYhqe,2000-07-15,2000-08-15,0.17,20,30
rRPPEN,FlxCGk,LMAFgU,ERfIJu,2007-03-30,2007-04-30,0.13,20,21
uNFzfo,OaLiPe,kFdNth,RioQHo,1999-10-18,1999-11-18,0.02,26,26
FCuwGP,WtgvqK,exUuxN,tJOTFr,2009-02-17,2009-03-17,0.18,39,46
jnpUKi,VdziAI,qFvqzU,IJvfGk,2006-05-17,2006-06-17,0.17,10,22
DLaHYB,KEZWIo,ipTHaN,ZExKMz,2001-01-26,2001-02-26,0.04,14,17
SJYKqn,AnjhiC,kQTqKp,hJCrBF,2008-06-23,2008-07-23,0.01,35,35
rObhDd,rJywMX,OtdSgq,jIrHdY,2002-06-24,2002-07-24,0.13,21,30
qYcfJX,JLRZIW,UwEoAU,SCBEMl,2001-12-15,2002-01-15,0.0,40,46
WTLKkD,uPbGOU,yjllIw,eghtMN,2009-06-15,2009-07-15,0.19,15,22
KPDhLY,Vnoduq,lhkTrC,drMXPv,2011-06-04,2011-07-04,0.22,3,8
dloBdP,EQhsYe,NsOXaJ,zABURp,2011-08-15,2011-09-15,0.01,36,43
uTmpOl,DYsese,dfDTkz,LSnedl,2005-02-19,2005-03-19,0.04,32,44
wsDmSD,nFnpgG,FhqBea,CJNAlO,2003-04-03,2003-05-03,0.22,28,34
csuVHc,eakesF,ggTUSi,lLYGOq,2007-02-02,2007-03-02,0.01,34,43
hWPFiK,JiPVll,ASHQbv,fHuhmD,2007-01-29,2007-02-28,0.04,34,44
ONHPJR,zLMoVn,wXfBpp,kgmASr,2001-12-31,2002-01-31,0.22,16,24
gJTKMh,iYFcBy,zrciqw,UCVBbS,2005-05-26,2005-06-26,0.05,36,47
sqRKIC,YyXECZ,rquZFe,JGRrgb,2007-05-29,2007-06-29,0.23,47,50
MjfcjW,uoXvkb,NbxBtc,GkUFlw,2003-08-01,2003-09-01,0.14,26,36
gyUzBR,PjMnFO,hPkCwL,tBvLPP,2007-03-07,2007-04-07,0.1,12,21
mzBQiC,tThzqS,qolTjG,kDnDKa,2007-01-15,2007-02-15,0.24,45,48
hdrWVk,IZCQMn,LfiQTn,vccqfB,2010-11-23,2010-12-23,0.21,12,14
iuWvXd,hSpvxT,FeScfM,MkgnGa,2010-03-24,2010-04-24,0.22,10,22
pWOCCR,fLiCXN,PPvNSH,wAlsKu,2003-03-26,2003-04-26,0.06,12,18
JdoaEk,djVsAB,jFABwa,RIFmhQ,2006-04-14,2006-05-14,0.16,7,19
XQOvGp,doWjwZ,hUWcKH,ymulus,2004-04-09,2004-05-09,0.15,13,21
lCnCkm,MrfDqV,tAoEoB,SMXlox,2005-02-03,2005-03-03,0.14,5,9
NitHVj,VfHqAm,jXSwzo,HWTMtg,2000-04-17,2000-05-17,0.12,25,28
hUQGHO,zvoqdn,fvGQuT,rjwmcf,2010-10-01,2010-11-01,0.15,18,20
lADwbg,zcILpi,cQBgYn,xuRwgC,2001-02-16,2001-03-16,0.08,32,38
wJQbqv,jCTTvW,hoKcXE,gHoReh,2007-03-22,2007-04-22,0.24,20,22
DuLMoL,FyGBdn,OgiRym,qAplgg,2001-09-25,2001-10-25,0.04,28,33
kIpstS,bmDRfq,eDoMTT,VnJONu,2011-08-11,2011-09-11,0.1,27,28
IscxsK,RZslLH,kSfrPU,qQbWKb,2006-10-06,2006-11-06,0.1,14,22
EuoJgx,bwXkps,qMTaCJ,yLlraA,2007-01-06,2007-02-06,0.04,20,26
yFlGRM,eZptTD,FbQCWi,lwbFdi,2004-05-08,2004-06-08,0.24,15,23
cmVMCK,iQJDgX,edXLRS,IuDxNI,2002-11-25,2002-12-25,0.07,7,12
hYVXre,VLLAQU,YmfASV,WVuYyV,2010-04-20,2010-05-20,0.07,27,33
QVtDCq,noAcCy,FoQJCr,sSAPCl,2001-02-07,2001-03-07,0.02,3,10
DVYNVZ,YYQgbz,rYcJld,CxuTog,2005-10-11,2005-11-11,0.02,20,20
IuSQHS,hWuWuq,UStjKM,sGTFDW,2003-07-10,2003-08-10,0.22,33,38
KBblzr,OaTPvd,GfBfVE,VIduOB,2004-12-10,2005-01-10,0.19,27,27
wPVGZo,oKZsTJ,NTNhyO,AldSkz,2010-07-13,2010-08-13,0.17,18,32
GQWdcB,BzMZwc,tAmXSU,ibkDvf,2002-08-15,2002-09-15,0.03,44,56
jnEgXi,BLhEXT,KXOmsT,MTokDu,2010-08-19,2010-09-19,0.08,20,23
UpAlDu,rNkBqR,FZsUwC,ijlEmH,2011-10-08,2011-11-08,0.23,46,52
ZIsZRF,SWyHAy,tLPMew,HRsjSv,2003-08-16,2003-09-16,0.1,24,32
SmPwTc,btbiTr,wNANwG,cBBRJv,2004-07-12,2004-08-12,0.17,37,45
VntaQy,IHebZt,JfMilx,UPixDd,2007-09-05,2007-10-05,0.14,45,59
oYyFMp,DncxZh,wgplCk,uWNtvR,2005-07-07,2005-08-07,0.21,20,21
JptEBd,TNYrDt,nPWwCZ,kefJmB,2005-12-12,2006-01-12,0.14,36,46
JgtGXi,Jnvdjz,nVuJWQ,ZOdLDy,2008-10-28,2008-11-28,0.21,30,39
UXHAUO,ynHKPq,gySXSn,bgcina,2003-07-18,2003-08-18,0.21,1,4
lkYUQk,MqmPAE,wUrjvv,UNzDek,2005-10-26,2005-11-26,0.0,16,16
hoTPoI,LFUDAT,cItXYp,YZCdbw,2004-06-07,2004-07-07,0.23,36,40
MUwwUV,uiWbAK,YfdRmZ,rmyXEq,2002-12-07,2003-01-07,0.09,43,45
CUHQxh,lSdmCb,VeacrA,UpwJqW,1999-06-02,1999-07-02,0.1,18,20
VNKfPs,EUJnqv,OqGBUE,aFeUiZ,1999-10-05,1999-11-05,0.18,18,26
ZCKMWG,MHdbsU,lEiPyg,nvxbHD,2003-10-16,2003-11-16,0.19,7,16
iVnEhT,PnwiEn,aTnITL,FZmjWC,2007-03-24,2007-04-24,0.07,15,17
bBenmg,zydQXS,yngpqa,vCRTEx,2011-04-19,2011-05-19,0.01,26,31
znUiIa,ZsGETj,uWJHwZ,cKoRyZ,2011-06-25,2011-07-25,0.17,32,40
xKSILx,CMDKCZ,lizhEh,XMRRud,2006-03-13,2006-04-13,0.21,24,30
VeJpHu,fBqEaH,OLEZls,fvlEdv,2001-01-22,2001-02-22,0.09,41,53
AgSmzm,GjnRWt,gThlvh,aNqXcy,2007-02-28,2007-03-28,0.08,11,25
ijXNlv,gwawDY,TxPaIT,mTRHvU,2002-03-05,2002-04-05,0.1,41,43
RSgUiv,oyifxb,YPdOAk,aUdebg,2005-01-04,2005-02-04,0.1,24,27
qJsXZS,bszykb,aDNJdw,unNluT,2011-09-05,2011-10-05,0.12,31,31
qrPBuX,JBtsOI,ImxICM,aWlCgv,2009-07-17,2009-08-17,0.04,3,11
fJKaVd,beFcoW,ejmjEO,USGwOW,2004-09-01,2004-10-01,0.24,19,19
QVoLMt,AEgVrS,yCLMmw,riMSaR,2000-09-14,2000-10-14,0.01,37,47
nXRTSF,bJIAmJ,GaVVrz,frTEML,2011-08-08,2011-09-08,0.24,38,47
XMEkeq,WBtzuj,CeBWmS,EoXltP,2002-11-14,2002-12-14,0.17,15,20
mtFlyu,vQaPzQ,xdijYa,OEXyRw,2007-07-02,2007-08-02,0.06,24,24
jowEbH,XpauUb,zJCvWS,jGwhXK,2000-11-14,2000-12-14,0.24,48,58
oWVgcs,AFuhqv,swKMQh,TtXGGB,2002-06-18,2002-07-18,0.08,28,41
fqxBVr,XpsciQ,JaIxof,MQIvwq,1999-12-08,2000-01-08,0.19,9,13
gHHIBH,jBuSRv,kcYdok,ReWGJH,2007-03-09,2007-04-09,0.16,15,16
sRbgVN,knTgyJ,BpMbcp,LUMjVj,2008-10-13,2008-11-13,0.05,41,52
Qyvmdx,gCuyWa,Jscdps,mhUuzm,2008-02-19,2008-03-19,0.01,36,45
ozozmE,zbXMMg,qjBQRU,fYeEum,2004-05-07,2004-06-07,0.03,29,36
rpEZFg,CPAqwo,bwIHUU,KtdXGz,2007-06-28,2007-07-28,0.07,5,6
ezrbjS,RlMSgr,GKYTrK,hVtoJB,2007-11-22,2007-12-22,0.13,24,35
ymwixz,SSbiVX,JMLrEe,ESKIIi,2004-04-16,2004-05-16,0.15,23,25
MhVjNJ,oBzkAB,eSzSqy,tPHtch,1999-10-18,1999-11-18,0.2,17,30
EfXSAK,zLnkVj,IMUIIj,CFZIVb,2006-10-19,2006-11-19,0.14,19,23
IushJI,nsxtdx,FDbcKQ,qyvTnG,2002-06-12,2002-07-12,0.13,23,30
RlmDYH,ngJjDA,aqGRsr,hDkLVe,2011-11-30,2011-12-30,0.2,49,53
UPEMbz,vEfIGm,iHsUii,uijnOa,2005-10-24,2005-11-24,0.22,2,7
vjptSj,VTZmJC,PzNHEl,fFfeEp,2004-07-23,2004-08-23,0.18,25,26
jABovF,apkJLr,sycXlj,WJzcpe,2003-06-28,2003-07-28,0.17,16,24
oROuxX,KkxMUu,xHTchW,tTZwwi,2003-10-11,2003-11-11,0.23,13,27
xvwNGt,nauxMI,uAkQNu,ereDtG,2002-10-09,2002-11-09,0.19,33,40
Yzoppd,yauZZR,EzFhXi,GMhMGE,2006-02-13,2006-03-13,0.2,32,34
ykJcrK,OnjNul,pqkCyC,PwHYFG,2001-08-07,2001-09-07,0.13,8,9
ibYLpE,AXzfeo,zwEltl,sfDkCJ,2003-10-04,2003-11-04,0.09,18,22
DOtXWO,iNtDlx,wmxSwL,fhiXWr,2002-12-05,2003-01-05,0.23,46,50
sxHYvc,WxCIoz,NBZBOk,uXlilG,2004-01-21,2004-02-21,0.19,47,55
RSoKez,UhWSeD,WusoeW,kEMRnc,2002-02-26,2002-03-26,0.03,29,35
BjpoCB,XaYdyJ,brciHg,NzjJLI,2001-06-06,2001-07-06,0.18,25,37
JDJGIg,QHVaJA,SWnpAP,pbKwte,2011-06-18,2011-07-18,0.07,3,11
QuNvIx,UpJYxm,MfdfhY,RmHZKu,2004-12-18,2005-01-18,0.07,44,53
IaKcHt,OtcHIu,xiCZkF,JHrNYQ,2001-04-26,2001-05-26,0.12,44,48
bvLHsm,ADBhLG,pKFvdD,Mhcjrs,2008-04-12,2008-05-12,0.18,7,8
qatNsz,oiuGhd,BnsROa,lirvnm,2000-05-10,2000-06-10,0.11,23,32
guhVun,EUBBLO,TjrSPj,CAEMhW,2009-05-19,2009-06-19,0.11,34,38
rhGgOV,Ofqyjv,YqgcVo,XHPcyy,2011-04-05,2011-05-05,0.24,2,4
KVmMiY,HEzuek,czCvzj,dVrxUm,2005-10-06,2005-11-06,0.18,5,16
iQHosm,hTRToO,olBdRc,BFKDzj,2000-05-29,2000-06-29,0.11,4,17
XPIkTv,ymBckA,gQFCQx,VySefw,2003-04-16,2003-05-16,0.0,29,39
kjipqN,pXJqiB,MrjsIl,BedNIV,1999-02-02,1999-03-02,0.11,3,16
qosFBx,JfLWrE,KsYsiO,QqDXcX,2008-02-09,2008-03-09,0.08,20,25
uBWybo,FgpVLj,wIfMHW,TWNRzX,2006-07-21,2006-08-21,0.14,20,33
SBmesC,bFmDNC,gbKNyX,FSddeP,2005-01-13,2005-02-13,0.17,28,34
bGUZlu,MEAArV,TwaQde,hInmpu,2003-02-07,2003-03-07,0.06,29,39
imokBO,fWSHLy,euxexR,Bppytz,2006-09-06,2006-10-06,0.21,38,38
UjlalR,BNBrca,KSARPt,jCJwAE,2001-07-27,2001-08-27,0.07,42,43
wfFopB,yLaqFw,BXfpyu,ACWLUH,2001-12-03,2002-01-03,0.1,7,18
ZvCfiW,oUgWKy,BBCPKj,HYruTu,2006-04-18,2006-05-18,0.22,16,18
CAKQsz,wyHCIY,YcUNiW,ZquiPx,2005-10-01,2005-11-01,0.16,45,55
TWSSAa,ubwkLY,GqxaGm,sKEtWO,2000-06-27,2000-07-27,0.11,47,48
ocomSy,BShgmc,oEsUkr,MSqzhm,2001-10-11,2001-11-11,0.0,48,62
eNLUxe,ynRLZY,RVQPSI,PoKCdr,2009-11-11,2009-12-11,0.11,24,29
UnCHpL,LuWSuL,wuXjrR,xQiskQ,2003-10-28,2003-11-28,0.14,31,36
SLfOaO,hYnKWI,fhhgmF,lCPaVX,2010-06-11,2010-07-11,0.09,8,18
mQHVtu,HrwbWh,xVgvJM,UkvlBK,2000-07-28,2000-08-28,0.01,5,16
NEQnWw,tRkaTH,abprwY,bbPwCm,2001-04-21,2001-05-21,0.18,27,38
zLbQAj,okNyUX,vOGIMF,arGJzJ,2006-12-02,2007-01-02,0.11,49,56
MCjblY,PBQNJr,DXCnLR,SEwBLY,2011-07-28,2011-08-28,0.22,42,49
zDvfwq,fvZCgw,SopUac,PlyxSR,2005-03-03,2005-04-03,0.05,17,22
Edykuw,AqWWkn,cAPyKd,vlxbBM,2003-03-17,2003-04-17,0.12,34,41
Fszeyn,fuHzpm,FPZvyW,AFCXiO,2004-08-27,2004-09-27,0.16,12,19
qsdGQf,Wemajj,DFvAUM,FGGnuI,2010-09-27,2010-10-27,0.13,18,21
ZRLtKs,MnXvUv,cSdrPu,ZcPfvr,2008-06-06,2008-07-06,0.18,43,55
kvpGwT,LidlfL,bpZRLq,WKeLVi,2007-04-03,2007-05-03,0.08,0,6
ONkAZQ,DjMYXR,pcFUzl,puMlJC,2010-01-29,2010-02-28,0.02,34,45
eeYaVf,GmmIVJ,XgYMqa,VnXDxG,2011-04-19,2011-05-19,0.12,36,37
DibUyI,ypQChq,GAbMJj,lxvrhp,2000-02-24,2000-03-24,0.19,34,47
fRIQRm,lUBAua,NZgGqN,BsIwfv,2006-03-25,2006-04-25,0.11,26,37
jFWBSZ,ShUzlC,paGsFF,TtdeXa,2007-03-05,2007-04-05,0.07,26,31
bgmHUA,Vpgzqn,zbNojF,kBEqSS,2005-10-29,2005-11-29,0.15,13,23
xMylcj,MrYftm,zevJBt,HQwtII,2005-10-01,2005-11-01,0.05,33,34
lqzrRM,tEmoSN,leELxN,GcKIrw,2005-08-30,2005-09-30,0.15,18,20
wUOABR,ssjkGo,XlScPc,zJnWuJ,2007-07-20,2007-08-20,0.22,19,33
qVocpq,jkxmuU,ZaDXKe,Bmgbsw,2003-08-21,2003-09-21,0.21,11,21
gHfVbr,lDDOws,LfUUNY,gJiUEr,2002-05-15,2002-06-15,0.12,34,44
dDHGfG,dWDmft,CVHCbf,aDrKWx,2004-04-23,2004-05-23,0.14,0,4
ZTEYOG,AUlYTS,GQhVym,cvPKKL,2003-08-04,2003-09-04,0.07,28,39
ERRuqG,CHOoFx,GURjIX,iQcMGL,2005-11-10,2005-12-10,0.09,2,3
dktTuv,vHOubx,jTwPfY,CJZQVD,1999-12-03,2000-01-03,0.18,3,17
juIWXR,NdxiIP,VXDZWg,CsEQrF,2001-01-02,2001-02-02,0.0,35,42
bzMEng,fDBsqc,UssVfi,VYieJM,2009-09-03,2009-10-03,0.12,7,9
YvZAMm,lWwaTD,ygiCHW,LpcCaQ,2004-11-02,2004-12-02,0.17,19,22
HgNnlX,GYEvbh,qpwByE,OgsTkv,2000-01-14,2000-02-14,0.04,23,36
QWToxN,ZDljqc,adGuai,wpbKHj,2000-02-10,2000-03-10,0.04,16,17
YRRNJA,LrHQYX,cfbSgA,onkqLL,2007-04-10,2007-05-10,0.19,14,22
uHSKxe,WPhlJt,lMGylc,RozfvD,2006-11-29,2006-12-29,0.2,7,9
YxzIFw,QGRLmC,VxQhup,hZeutV,1999-06-08,1999-07-08,0.04,6,11
mkurff,mfcpCj,XgwWSE,yXgsiv,2000-05-22,2000-06-22,0.1,13,17
hqhESQ,CxUgsQ,NYogcv,ExTOjU,2003-12-09,2004-01-09,0.14,23,33
Fwbcts,XbtpnA,pxLCnd,TtuiMe,1999-08-16,1999-09-16,0.1,21,24
LYhWzL,NnHSKU,qqOmYP,sJRQPj,2000-04-27,2000-05-27,0.13,38,43
suTLyG,jabici,MIrceX,LHSFRf,2000-06-19,2000-07-19,0.19,38,48
TpRgyX,uoozDK,HBOQXI,yGTwjW,2001-02-06,2001-03-06,0.02,37,48
fPyzbi,CjiyQL,xiBtdF,HlgfWe,2002-04-13,2002-05-13,0.19,28,39
rEyucM,wAXXhN,Xvllrg,HRPyfP,2005-10-31,2005-11-30,0.23,12,17
OfUIQv,KrPnus,EqJbNG,wGeIUQ,2011-06-30,2011-07-30,0.09,22,28
IarFKq,DYlDob,NqlEjB,IuYNjd,2002-10-29,2002-11-29,0.09,36,38
gYqtDM,avwzVP,IwldtZ,ncQgeZ,2000-01-08,2000-02-08,0.16,11,14
IiyWwL,FtWXol,pqnHVw,YrjGRX,2011-10-28,2011-11-28,0.06,43,55
hjbCet,IOOIgH,vUBqQm,Uqqqmq,2002-01-15,2002-02-15,0.0,7,8
pQLkgP,bplGjO,rbbPIV,fQBsur,2002-10-28,2002-11-28,0.24,46,52
SzqDml,dCKAEs,cxrKHc,TXjxsf,2001-10-13,2001-11-13,0.14,22,35
eIDNQN,ijZFLl,ndcIfS,WiwMMX,2004-03-24,2004-04-24,0.17,34,34
GFpKOD,jiYQXu,xzvRhf,UrrbBE,1999-10-23,1999-11-23,0.22,15,22
Peckjj,JmSTId,CVmruf,NfmeUV,1999-03-24,1999-04-24,0.04,46,53
pADGjl,YpyceJ,BDwUVJ,jtKhMS,2008-06-23,2008-07-23,0.24,44,51
BOCXcM,syUUvq,ZTDcZY,mBoqkR,2009-12-09,2010-01-09,0.09,17,27
pFaYeQ,RovfpU,YgoMIq,MbXRiV,2006-05-26,2006-06-26,0.1,22,25
zQagAx,JOVtuY,SIQVTs,BgFDIX,2003-01-22,2003-02-22,0.05,17,25
fGAmKy,buQjPQ,rDKjjG,lbkJJy,2000-04-24,2000-05-24,0.18,6,11
YeeShB,DcQcgR,ZFeoib,XUoDYE,2010-02-24,2010-03-24,0.04,35,36
WUcXHu,apfnOm,jZCNqL,Kcrvla,2010-06-16,2010-07-16,0.02,46,58
XbTjmY,KcsbQV,uHucXC,lhnohT,2001-03-20,2001-04-20,0.2,24,34
vNSXhI,RLXPRt,RskTST,EWjgXQ,2002-09-04,2002-10-04,0.22,17,24
bElOUN,eSkZkp,gmhXSy,ZyfImt,2000-05-20,2000-06-20,0.21,37,48
yyvtUf,RsyYjd,pMTVai,GdeFLY,2009-01-16,2009-02-16,0.02,18,22
UDWfAC,VCpoqR,fgruyk,EHmTFP,2003-06-30,2003-07-30,0.13,37,43
uoEMBT,nrMOpT,rZslBS,DdsJbt,2004-08-23,2004-09-23,0.01,17,22
sKsVkn,IuKNhc,WzpEep,AMNmIF,2003-07-12,2003-08-12,0.02,0,14
VZHRdD,SXbZkm,DgztZt,mlYbxn,1999-01-28,1999-02-28,0.18,2,9
xDbhYA,FdkFzI,dwSJUn,snIHpO,1999-12-24,2000-01-24,0.19,44,48
RIQbyB,mdsvPV,LTNYmJ,cFCVSZ,1999-05-03,1999-06-03,0.07,38,48
XppTng,SaLPVM,tOCKBr,QxFnjT,2007-05-03,2007-06-03,0.13,8,20
YHEbFH,iiZcBx,jJgOVR,MBzbhq,2000-03-22,2000-04-22,0.18,29,32
GqZvDL,EDlFBm,PnWmMk,ovCCEG,2008-12-02,2009-01-02,0.0,48,59
bVCbgv,UutgGo,MeCtXD,dtZFcj,2004-02-23,2004-03-23,0.16,28,28
LZuBmS,hQHKys,MwDjxQ,yDrEKO,2001-07-31,2001-08-31,0.07,5,6
YWsqin,vPYRIA,xxMOKy,mRfikO,2000-06-16,2000-07-16,0.16,22,26
dikSvn,HHpDNd,VbliCW,WSPDdV,2007-10-23,2007-11-23,0.04,0,5
WWieTT,RhSIZm,JSpueO,RskJTH,2007-06-06,2007-07-06,0.19,2,6
cecusQ,eEfdWE,jmvFNR,WhRwHR,2011-10-11,2011-11-11,0.17,48,60
KVZhLL,HUUhuA,GZYujn,jbNwon,1999-02-08,1999-03-08,0.21,11,13
nPUdni,oczFRg,RJOwmk,AUQTPd,2004-09-27,2004-10-27,0.0,3,6
JovAfz,ILkVxk,aRFTVZ,nANmAE,2011-08-23,2011-09-23,0.04,8,22
mMQOuK,MNkIXu,ENffkj,jLloUm,2006-09-21,2006-10-21,0.2,23,28
GqqKIN,CuPXsR,HlpmDe,VVcahm,2008-03-25,2008-04-25,0.08,27,40
XMjWlB,MHXpQr,vWBdDm,yLWmCm,2006-07-10,2006-08-10,0.0,9,12
sSFEaa,szdldH,PqXBsL,WHSccO,1999-06-11,1999-07-11,0.19,24,32
fccplg,iDgCnf,CeAIMg,WewVDJ,2006-07-03,2006-08-03,0.1,18,31
TtggqA,FBxiKs,ffHbdE,JVquMc,2005-04-16,2005-05-16,0.21,47,48
CNdBUu,rMKupl,slwIEc,vlErvf,2008-02-26,2008-03-26,0.07,49,54
QLpmTC,bttogq,Rknaxs,vPcJKV,2004-01-05,2004-02-05,0.1,28,40
rPPAqH,YfIODd,qLaPLD,DiUhFH,2002-08-12,2002-09-12,0.19,38,52
zcMpNV,ILOBLl,LEnZGt,QujPSn,2010-12-06,2011-01-06,0.19,4,4
JybJXN,EPwDdh,Dailyz,wvaxGk,2007-11-15,2007-12-15,0.05,48,50
xGiGMM,YXTDnM,MtgENc,FBiSlU,2002-01-25,2002-02-25,0.08,24,34
IYNzHD,nsPupY,FvGgCv,yXuLoj,2001-02-15,2001-03-15,0.09,19,23
UhDdKb,CXPjeT,iwGLZG,Vcsrcn,2006-11-15,2006-12-15,0.15,10,17
sgDRWd,gfdWKX,xELpdY,iYTTOI,2002-02-26,2002-03-26,0.15,22,29
bHbPZz,aiWWFO,MxyjDc,YSTsAd,2010-02-13,2010-03-13,0.05,35,47
cbDqXH,TncyAv,jrYWEg,fttvFJ,2011-01-17,2011-02-17,0.0,43,48
VcXqNN,sywlLY,QzOZUO,TwJEQF,1999-11-08,1999-12-08,0.21,16,19
iPRJuG,MZtjoZ,PjFpRp,rgtBOb,2006-02-23,2006-03-23,0.22,25,38
QyIvUL,AAeSjp,MFMArG,IXzaEV,2010-04-23,2010-05-23,0.07,3,15
MYSzaq,QzOyQM,azAZxY,UwkQMR,1999-11-18,1999-12-18,0.1,31,42
iofDNq,eNUiuE,ZLEpjj,JrjDwC,2009-11-18,2009-12-18,0.13,41,52
VkwOey,uSrxMC,BhLLqn,IWPvmA,2005-11-04,2005-12-04,0.14,6,19
jMkgot,ytpMoE,BGEtlF,OTjfRb,2006-09-01,2006-10-01,0.16,40,50
eEnutE,GzBAWf,LghnWJ,zGJQGH,2009-02-20,2009-03-20,0.11,38,39
WLtSPO,VTeUEd,RVCtol,KmtySb,2001-03-02,2001-04-02,0.1,7,16
lwlkbz,sEsLkx,rhOyZo,scTQhn,1999-06-01,1999-07-01,0.07,3,5
hIJsZs,vJOXCq,VdROFo,QLFOsZ,2008-02-08,2008-03-08,0.24,9,11
fTaIlr,CnPUXY,oGgQHH,tpicae,1999-11-03,1999-12-03,0.2,10,22
MaElAz,XRbwaV,ttnosR,llwOxv,2008-12-20,2009-01-20,0.0,26,35
mVfJrR,clwSDA,QwpYio,KMQZuL,2003-07-26,2003-08-26,0.14,8,8
fLGoFp,WQWdbh,GdNerT,zdTLmM,1999-04-19,1999-05-19,0.01,17,23
scnlcQ,skJwCr,VodKrc,TmijIy,2010-07-07,2010-08-07,0.23,48,51
zhtvyr,BaOwjh,FzmhSQ,RRLPaa,2008-12-04,2009-01-04,0.16,26,38
jhWiHj,kzHJFi,sWtmhp,qZJZgt,2000-10-17,2000-11-17,0.08,40,53
xiLPKR,HqcreA,hOHeDX,BIwLcf,2004-12-06,2005-01-06,0.1,20,23
VDtuGI,dLrISD,NpfMLn,SgtxbC,2001-05-12,2001-06-12,0.17,40,42
SdDkQg,ybOBkH,RePCNj,CaiqxF,2009-11-30,2009-12-30,0.19,15,27
wpexDB,lHaMtx,cJDBfG,SYMINk,2006-05-16,2006-06-16,0.17,37,46
Agdevy,oFTBDQ,pmZCLQ,BBncMa,2002-08-16,2002-09-16,0.23,6,12
JRZLvN,nrPYMC,rKexiq,XMLEpk,2005-03-16,2005-04-16,0.18,38,48
sAMRXa,tMTpvr,rmgjBd,TLhQGO,2008-07-16,2008-08-16,0.09,21,21
GdPyeg,eaNbnt,ILgfLJ,poFVjB,2010-01-28,2010-02-28,0.23,46,51
WjbxqP,hqSyzH,KXYjpN,Uchcct,2004-06-11,2004-07-11,0.02,26,31
SeJsnJ,JevEcf,WYtyxv,UKCwPQ,2009-03-05,2009-04-05,0.17,25,39
fKyjcF,LjPRzC,vEFjxl,FszlxS,2003-11-08,2003-12-08,0.16,34,38
ODVVKk,MHUyIu,sHwfbK,vONsDK,2006-07-15,2006-08-15,0.05,24,36
jwtfnx,irjSAF,wqlsvy,wvwYUT,2007-09-20,2007-10-20,0.04,22,34
BMkxpy,xEYObF,vTpXEt,OkZyyg,2009-07-07,2009-08-07,0.2,2,5
rLRTGn,wOsanD,CbxNVM,gVzIcS,2004-03-09,2004-04-09,0.11,27,39
SfqCCd,UmBwVP,jRSTIw,qhYYul,1999-03-24,1999-04-24,0.07,32,36
dCjagL,EQefzr,OvIFZM,lAQqIv,2008-01-16,2008-02-16,0.16,20,33
WbYmqV,qvfmLA,UKAjcb,PuHHZr,2004-05-17,2004-06-17,0.16,39,40
cmClGf,UPdToM,lKNsDY,OVItIZ,2000-05-02,2000-06-02,0.05,20,34
HVaoGl,btMcyb,SmHKKR,VIostG,2007-02-05,2007-03-05,0.11,3,8
MnCOiG,RENINz,TEmEOB,hFRgAb,2002-05-10,2002-06-10,0.06,20,21
GlLrwZ,HEUQSj,ZbKwRd,DvusST,2000-01-10,2000-02-10,0.03,43,44
jnXCSI,xkhweZ,TQwCah,CrRXdr,2004-05-05,2004-06-05,0.15,35,40
OFavAK,odNFHs,Lvdcpq,EsBIhL,2000-05-11,2000-06-11,0.07,6,13
yeOAEq,qWUalM,xTKbif,COckNU,1999-06-25,1999-07-25,0.01,12,20
vcgKKk,SUyllL,XFzMcp,VwtDcZ,2007-02-03,2007-03-03,0.1,26,36
uQkKxe,xeTtUS,xaEYPe,QYSdKg,2005-03-28,2005-04-28,0.21,20,20
ZBGrLO,wpRABv,ifkuSN,ZUWyhy,2009-04-01,2009-05-01,0.0,12,19
WUhNJz,RctArz,IZlyqT,hVWkao,2006-05-15,2006-06-15,0.21,14,18
EsDXhh,YopoBo,rVZYzf,fEZDfl,2007-02-19,2007-03-19,0.21,18,22
fUQcaK,jBWVSB,JvYmQR,blgESa,2005-07-25,2005-08-25,0.14,10,19
OjUrmP,hefyVM,ZSloMu,AeUPDT,2003-07-29,2003-08-29,0.04,38,41
tOkCEy,fDSWzj,zYjueG,taIUWc,1999-04-29,1999-05-29,0.24,1,5
qvqDqx,qlIngw,QCufyu,kHTYEa,2006-04-11,2006-05-11,0.19,37,46
WJTMyj,NOvnLP,MSWzmz,SXDbit,2009-05-12,2009-06-12,0.11,38,47
AxdHNP,faFuVD,rFFezV,wrrbzj,2008-08-19,2008-09-19,0.08,47,57
LBXgcM,LiwdPR,KvnkgC,nipjIZ,2003-02-28,2003-03-28,0.11,21,22
aWREUH,xRdOzf,DBoBFl,aJkTfT,2002-08-31,2002-09-30,0.02,44,47
KJtJmq,KmoneR,JgxXkw,iJPgOI,2002-10-07,2002-11-07,0.21,12,18
DnbSOD,nZvFtM,NblnsZ,xXgGEQ,2008-12-18,2009-01-18,0.1,29,35
gHKPoQ,KLOVQd,AXhpML,uaeLwr,2004-01-14,2004-02-14,0.18,3,14
psSyrw,HROybe,jEjjFw,LgwHSS,2000-04-27,2000-05-27,0.08,25,39
WlGZNd,nozeap,CLGjqj,CIUtRW,2004-04-30,2004-05-30,0.07,20,20
BYYdZN,EyhCtN,Efnnbf,zSGyiG,2000-09-08,2000-10-08,0.2,13,16
BqYqxW,WfxbWv,UOhzMU,vnfnmO,2007-06-11,2007-07-11,0.08,47,61
HFtruO,tALoVI,aiaDIH,kjGQYk,2008-06-10,2008-07-10,0.1,48,60
WsQsSq,RPCgkB,XYxxqR,zczriO,2011-04-02,2011-05-02,0.11,36,38
pcdPqo,iwwyqw,zlcVdE,QcoZGH,2006-11-10,2006-12-10,0.2,10,23
NFCHsl,imtVCX,yBNRfZ,XChPvY,2011-10-24,2011-11-24,0.05,19,31
NKDpwY,axGYlJ,HrKlXk,EgRhyd,2010-03-29,2010-04-29,0.13,26,35
JStgem,YyQZhl,fjSRSC,WfvmLv,1999-11-26,1999-12-26,0.1,40,52
IfswEr,vomKeC,hdfdUn,cJeXkx,2002-10-10,2002-11-10,0.23,38,39
laAlTp,kuXINf,UkzKYo,cMEOZI,2007-10-02,2007-11-02,0.07,11,14
xvjeqQ,YgfVPt,uEcDPB,QvbBjV,2005-04-01,2005-05-01,0.19,30,32
VDbfKU,uQaaIn,CbaWNN,KiTPYj,2004-09-21,2004-10-21,0.17,16,18
PVgsrs,xRjmyk,CiNPhk,FYhqtZ,2010-02-05,2010-03-05,0.15,46,54
WqeXgm,OyuHuJ,zeSjcf,RfSZTi,2008-07-01,2008-08-01,0.18,36,36
nKlRzr,gnrydC,DXmRkN,NCXsPS,2009-04-24,2009-05-24,0.11,21,34
wVxLtA,tfHbeU,foLlNm,xGnBzB,2002-10-09,2002-11-09,0.1,48,53
sQIdxB,GbEalS,KBFZKc,rDDZSJ,2003-07-31,2003-08-31,0.03,7,14
PbCqnN,EGqlcc,kMyznk,kIcMJa,2001-01-20,2001-02-20,0.12,29,41
EWebhQ,fXaHwf,lxQAAL,LiyXIb,2010-07-31,2010-08-31,0.17,14,21
rpdvXg,MGYHdF,rgEkuW,IcyZeM,2005-08-09,2005-09-09,0.22,18,26
IReGnh,euzUEi,PViRij,PxWjQL,2011-11-01,2011-12-01,0.2,32,38
XOZqwH,hTGsMT,zdZllC,WwdBuS,2005-07-12,2005-08-12,0.04,47,60
HSEQcB,wVeuxD,gllXCq,LeyOMv,2007-08-01,2007-09-01,0.09,45,53
RXvTOA,xUjdUZ,GHxXEK,uECLwk,2006-01-12,2006-02-12,0.17,0,4
zzKpeh,gbPYLV,btuAAj,jxeILt,2008-10-15,2008-11-15,0.23,47,50
yZeMDP,ZHSQvs,SYCAUb,oTqLFP,2009-11-07,2009-12-07,0.06,4,7
tFFmhh,EoCglx,CBmVEs,pEAsod,2002-10-31,2002-11-30,0.16,44,48
xhUsNj,HwKidn,zIZISo,rxQnta,2003-03-15,2003-04-15,0.22,44,57
ElELbD,UidlJD,TgAYrK,TROLQg,2007-04-21,2007-05-21,0.05,34,48
FDDNCU,HMDNlk,yonapT,ZsxOki,2009-11-05,2009-12-05,0.05,1,6
qbFKif,psfKLd,ilCxTX,Hcfdja,2011-08-08,2011-09-08,0.0,8,18
FRIFXZ,WXIGdM,vZQwRG,kOlhry,2002-06-05,2002-07-05,0.01,27,29
DBsdxT,kMZYln,oXVrVH,JEMPom,2006-07-06,2006-08-06,0.23,1,4
tknyER,CvNBaR,GbNUOW,tNmjuI,2005-03-02,2005-04-02,0.24,13,27
GfqlfI,RMTzOS,XbsbKJ,mJOljQ,2009-06-01,2009-07-01,0.06,23,23
nMBHqs,TFWBDM,DgAmoV,CMHcly,2011-12-20,2012-01-20,0.13,2,2
FWiGPX,blHoaa,jjFcgM,yHkNMk,2009-06-08,2009-07-08,0.22,23,31
VgRKXm,WYRjmt,ZPnhOK,xtUDvo,2002-10-10,2002-11-10,0.18,44,52
KjzQKe,tfcvZw,PudxmW,xHtNsL,2003-04-08,2003-05-08,0.15,1,4
vvwvib,tuuFJc,aqKjJQ,gvBhDB,2000-08-21,2000-09-21,0.19,45,55
LCAwjB,GwpHvf,OAyRGd,MYqiVH,2004-06-26,2004-07-26,0.13,16,16
OHXYtw,PZoiiv,PXVEQB,DRGlwu,2008-11-14,2008-12-14,0.05,30,36
PTVdrm,IiZFrV,vXGfcW,xZfVfS,2003-10-14,2003-11-14,0.02,19,21
stXPWO,lIdntC,plUlat,sdreAN,2004-05-15,2004-06-15,0.24,35,42
fuyCvR,NbAdSh,NEwNAz,MEZyXN,1999-11-08,1999-12-08,0.03,34,40
RWlhXe,YSTMxG,tjtlgT,nsQOHD,2010-01-29,2010-02-28,0.11,46,49
AyQteP,auiOpM,imJZnu,FqcmUf,2006-02-20,2006-03-20,0.04,31,37
mogfhC,TbNhRz,PKfoWy,RItHag,2008-04-02,2008-05-02,0.06,3,3
nLrMsc,zFEzWt,CHUFTt,oQNFdb,1999-09-04,1999-10-04,0.13,25,36
lvOgJr,nJJAts,yEmlDB,nIpZok,2002-08-01,2002-09-01,0.06,13,23
qbJSbi,jPUCTL,CCbtnj,rekkNX,2000-04-11,2000-05-11,0.22,12,12
tHrwgJ,gzuiPU,MdollA,ILqUhR,2000-12-11,2001-01-11,0.24,40,40
Czzqqn,JvOdQA,EYVJDy,RsLmFO,2006-05-10,2006-06-10,0.04,45,50
jaLSBn,GUsdKt,RejZrD,nYuEJq,1999-10-28,1999-11-28,0.07,49,63
ZXgolg,MmVleA,GnkGyj,QWWELv,2000-11-28,2000-12-28,0.05,44,52
lxofPG,bnqWXZ,xZQKJn,nKFZux,2008-12-15,2009-01-15,0.16,24,35
VqoTtg,MoAWNV,kxQKwZ,FrFasu,2011-03-05,2011-04-05,0.04,13,16
aiLNUt,akcIzR,NzTdny,JhezEO,2011-10-12,2011-11-12,0.04,24,35
xdiEdX,DwHubF,thyjCn,lFjRwv,2005-07-28,2005-08-28,0.2,7,15
vGeptA,AgogTR,sbKqNG,vlIUKp,2010-10-14,2010-11-14,0.22,20,22
GuFuti,RKQWKs,uRcgVW,lfYVKl,2001-03-20,2001-04-20,0.24,9,15
ZMfAZF,uFrnhG,qRidrK,gkDdSb,2001-03-13,2001-04-13,0.21,20,34
yzbPwJ,UzQoai,YpjyYs,VRmnSk,2008-01-28,2008-02-28,0.06,40,45
xfasMm,HjByfy,FXWPIo,FCfIBy,2000-01-25,2000-02-25,0.22,12,19
ptyXXw,fVrqmV,hInKqQ,mrQFqm,1999-11-06,1999-12-06,0.21,27,35
FtpyfY,glgDIA,fAnDWC,WiOYGo,1999-11-19,1999-12-19,0.21,19,23
ObnBmh,tRZgjg,uBpRMd,cJdKUe,2008-12-20,2009-01-20,0.12,34,38
SUpSLN,OKeAZj,DhAEbX,WbzxIL,2000-02-29,2000-03-29,0.03,38,41
KCvJYU,SoNMeo,UEDoJj,fDvDTn,2009-05-11,2009-06-11,0.24,1,13
CgQKrH,OdbZaB,poHtkp,vgUYuT,2005-01-27,2005-02-27,0.05,24,29
sOzSxx,VSFTHp,reJvwl,PUySML,1999-07-22,1999-08-22,0.24,34,44
HLSgnt,pdrEMo,JusBHd,ajdffB,2003-07-07,2003-08-07,0.1,1,12
KLHRUv,tGAbxC,QrlSXJ,rFJWpC,2005-02-15,2005-03-15,0.11,21,32
FhTRAM,DARQsd,zWWHgZ,XmFxiU,1999-05-03,1999-06-03,0.01,15,21
LAvcll,YCnYEX,ZRoFwu,uxuTOv,2010-11-08,2010-12-08,0.15,38,38
KbLciM,PHVohd,NqNLjv,uwmpEV,2002-11-02,2002-12-02,0.07,18,28
HByzpT,vcVyQl,XWkdwW,dOlGcv,2005-07-09,2005-08-09,0.22,32,33
MWEdzb,JXskcr,fNvuOn,HlPiYx,2008-02-12,2008-03-12,0.2,19,29
NSQcOF,aEgUiC,KzjthK,FMxUoJ,2002-10-28,2002-11-28,0.2,38,48
tPtWdg,rDZpGA,nfmlac,uSdmBI,2002-03-07,2002-04-07,0.17,25,35
FzMajt,wlTnFb,akWwGy,RQJMQR,2003-12-12,2004-01-12,0.24,28,37
TtmCYI,obXKlq,feUFTj,dpbphS,2003-07-07,2003-08-07,0.23,17,29
CJiPFJ,JYrAYf,otQrVj,qVlaYH,2008-01-05,2008-02-05,0.17,23,23
zvvgLO,qUeDug,FRoSUt,RQbTRd,2006-06-01,2006-07-01,0.17,48,62
qOcteb,Rvcoof,RwWXjt,HPQTye,2010-09-27,2010-10-27,0.21,2,7
OKlIdw,dMLUEj,BKUdkb,ShLfHn,2011-02-17,2011-03-17,0.21,7,11
ALCWGF,PHNqRK,cJaClY,HWfLjz,2005-04-19,2005-05-19,0.03,17,29
tESqJc,klTHZy,ZsjvvN,SQOYlU,2002-09-28,2002-10-28,0.01,13,16
CCfoDn,cOONUC,xkAJPt,lBiSWl,2002-12-02,2003-01-02,0.05,27,36
mobNhp,DzUoHL,QNaagQ,cHFsSs,2008-06-12,2008-07-12,0.08,29,43
nJwIoZ,nCAdEn,PMajuE,pvQZfZ,2004-06-21,2004-07-21,0.0,40,45
QJPPGy,mhrJXd,fGusSb,khZzzL,2006-03-18,2006-04-18,0.23,31,41
lrxXFV,shiyVn,pKaBju,JrKTvz,2008-08-11,2008-09-11,0.0,21,30
UChTVr,jtRJcV,kkXxIJ,FwAnTv,2010-06-12,2010-07-12,0.21,14,18
xXDZcw,SHUsRM,RctqmL,OVHefM,2010-02-16,2010-03-16,0.03,26,34
WwcHNZ,mTZBFE,llZRen,ftbYAp,2002-10-12,2002-11-12,0.1,32,37
idiVZK,SRuVHq,oARjdn,nSlVbc,2009-04-25,2009-05-25,0.09,47,52
XvrUYo,JEmgVr,RQBDjH,lTBUJI,2007-02-17,2007-03-17,0.01,48,59
BCfmbL,MQmDty,BSfCKU,qPxlFN,2005-01-10,2005-02-10,0.15,10,14
JADURg,XKcRME,oahnkJ,JRfSrx,2010-06-25,2010-07-25,0.03,35,41
TjPSXS,UFmbMW,wswMYP,sEfIDz,2008-01-11,2008-02-11,0.24,31,39
OvvKmj,yrsXZY,ScKoTC,PcagGe,1999-09-03,1999-10-03,0.13,4,8
ftjoPG,HBcLet,wjLCLk,pJUHDk,1999-08-05,1999-09-05,0.19,0,1
adZgZa,hLOzTI,LMgsDl,vsRGuF,2005-11-24,2005-12-24,0.15,21,23
IsjTfP,IMZgsn,uYOLuF,XQdUGA,2010-07-02,2010-08-02,0.12,6,14
aSVVfx,pEuxZZ,cqtgwW,mHmwxT,2000-12-14,2001-01-14,0.08,22,29
yrkHNn,SDnEBV,nshuUg,tKwFBE,2011-09-06,2011-10-06,0.02,36,39
HlEjFH,TMHgjf,sBTnIg,kAcOyO,2006-05-13,2006-06-13,0.24,24,25
DWFyvf,pjSNQB,JoimIN,FqbJRC,2011-03-07,2011-04-07,0.1,17,31
jQKmoS,tKYgSC,JbFcKY,tgLGfL,2003-10-31,2003-11-30,0.24,0,14
bZpDAy,IjulXg,eVJRLU,kutyyG,2003-09-25,2003-10-25,0.1,0,2
PkBQYl,oBTeiD,zLRNNg,MuIZSt,2006-12-22,2007-01-22,0.22,28,34
sIbUYy,vSScvI,VZEoxm,tGBwyE,2000-01-29,2000-02-29,0.07,29,32
PYBjVe,mrEbbm,qWlXDb,ekhbzw,2006-02-28,2006-03-28,0.02,17,20
iIKvNA,EdLaFE,PNmgjs,PPyJdW,2008-03-04,2008-04-04,0.11,19,25
UtDlUI,nPScYD,HXipqE,ZpfURS,2008-06-07,2008-07-07,0.06,1,5
arBhFq,dRIeCk,usouEw,nxHRYw,2010-04-09,2010-05-09,0.17,22,24
ghWUOZ,olSOlW,wOYyXz,GiBQPF,2000-07-19,2000-08-19,0.11,18,27
DQQVnM,haLErj,wBCblu,OwgAuj,2006-09-01,2006-10-01,0.04,12,15
kCsWOd,jJEacZ,xFVNKI,vkcKtm,2011-07-28,2011-08-28,0.04,28,41
sjnKTr,eiViGB,cfTfqe,dAjbLW,2005-10-12,2005-11-12,0.12,38,48
iHyMTd,MLqNTr,OoTggs,eLdcbI,2003-10-24,2003-11-24,0.18,12,26
AKoZww,oRFEpE,EzhSqU,kFbAqY,2008-07-11,2008-08-11,0.19,33,45
rlikAg,sBQkOf,JILQHY,dEjyyx,2006-04-04,2006-05-04,0.04,21,35
pBZpqn,wRjloj,jBqgcH,HcfRiE,2007-02-14,2007-03-14,0.21,48,52
evKZge,rMjAfN,clOeaG,HFINtC,2005-09-15,2005-10-15,0.08,23,31
VZdiub,Vdwuym,sxHXCH,WEMQRo,2000-10-24,2000-11-24,0.11,13,24
nArRHU,RWPYov,ycTaqR,TOtNyv,2010-03-18,2010-04-18,0.16,20,27
kWhAAn,dkctPY,mhCdYP,AAPAHl,2005-03-26,2005-04-26,0.1,39,48
CGJYEt,lrMPpg,HyuiJP,KIWLFf,2008-08-28,2008-09-28,0.13,13,22
BlrSZw,uWuSgg,GemwnK,TvGQQz,2011-05-04,2011-06-04,0.06,37,50
uhmLEg,eolXuc,ixPDbv,YyrPHT,2003-02-13,2003-03-13,0.06,10,11
NoFEkG,QAeucU,MxIWrI,RMSULd,2006-11-30,2006-12-30,0.04,20,25
adrtwi,PLXQim,MLnlRZ,LLFWfP,2002-01-31,2002-02-28,0.03,38,40
sRnnfz,tbycrI,KUKIJO,BeUIAg,2009-04-28,2009-05-28,0.12,1,4
OKAcKH,lQEyLH,HfPTwE,GOFYGI,2002-01-24,2002-02-24,0.12,45,49
BYgoGx,jlTvUf,nuJFTF,pebvqm,2000-04-08,2000-05-08,0.21,17,27
IGgrWV,lxntmw,RVrBES,TssCCY,2009-05-18,2009-06-18,0.08,23,32
ethfai,iHFGlp,LZmgdt,KpqOuy,2010-05-18,2010-06-18,0.11,31,42
YdBlKJ,ZLntqf,NIXaaE,MSLoWP,2011-04-06,2011-05-06,0.17,15,27
aiObTI,UfMpBV,VALkMo,VHzkWA,2007-06-23,2007-07-23,0.01,27,31
UYydof,jJjFKl,JFicVP,CUgePp,2003-02-04,2003-03-04,0.22,35,49
HzrbBS,ksvayd,sRrfLC,tUhPWD,2011-06-13,2011-07-13,0.13,6,15
vHohEq,iiFaab,dPQPEv,xEXzYL,2009-07-22,2009-08-22,0.23,13,21
LjWtWp,ssBvZG,wGqEmc,EYwXwZ,2010-08-09,2010-09-09,0.14,5,12
RsiFTV,coNxFB,rVgwHm,UrAZKG,2001-02-09,2001-03-09,0.01,6,10
fuhDJm,yTDveM,zpthSl,XruyAn,2007-01-03,2007-02-03,0.2,2,11
JBpSeR,WrjikW,SHoWif,tGwSgu,2008-01-12,2008-02-12,0.07,16,21
daNxgF,rHCdVb,ZicwUA,MuIpMe,2006-08-07,2006-09-07,0.0,18,20
RzVEEj,WjQLww,UELeZF,vmJBMC,2008-11-19,2008-12-19,0.12,40,41
LBXLFe,dsudbr,KIUKCY,iZwBuw,2002-10-29,2002-11-29,0.21,35,39
JseTui,aupNaR,aDrlWX,wCyAwz,2005-05-11,2005-06-11,0.15,19,22
IxkGNm,PqgUwz,rzBkib,eijBZi,2011-02-21,2011-03-21,0.02,11,22
pGYJGo,icLzol,cgvFOq,gNfWkW,2011-08-26,2011-09-26,0.07,16,30
cIexKT,cOzANi,EOuLEl,XlgLVH,2003-12-16,2004-01-16,0.21,41,48
UCIPgl,aSZDNj,koDODq,bfidoB,2010-02-23,2010-03-23,0.23,38,46
EJWtNe,VvBKwR,SfKOXM,tgUjml,2011-01-18,2011-02-18,0.12,7,14
SwTBSF,joAXfi,WLWbpu,tGvKds,2001-03-16,2001-04-16,0.16,25,34
vjWAow,WMhHla,sPHuYw,yAyrvR,2011-10-17,2011-11-17,0.21,2,4
qGkrZH,DJtzJw,BmyBvo,PjgEUs,1999-11-09,1999-12-09,0.17,30,42
WHHOys,ZBuGda,UHXCBr,xiEVbj,2002-03-15,2002-04-15,0.02,22,32
VyBlel,EJnsMe,LLGkwC,JtwKSg,2004-07-22,2004-08-22,0.12,4,4
VwbVix,pXNfoi,WpqhwQ,bTPQWH,2001-04-16,2001-05-16,0.19,40,48
sKOhLP,QLRnFm,eKTPHw,WdvJZp,2001-04-07,2001-05-07,0.24,38,50
CfDVjn,jKABml,kQKHSV,gWmEQw,2007-10-12,2007-11-12,0.23,38,41
osrkfu,VTgzCq,bAdmsQ,KNTMKy,2008-08-12,2008-09-12,0.16,12,17
GiCuLJ,vQMQvt,RtNIEe,MRtlNr,2006-10-06,2006-11-06,0.17,11,15
xHAlfW,SFkosY,OVXyex,eyMlUd,2011-05-16,2011-06-16,0.05,33,45
BeUUQS,BArbxq,XmvyQo,qBmjJV,2007-10-05,2007-11-05,0.07,38,39
kTOtjm,ySTxHl,osPrJS,MRjkKE,2009-04-01,2009-05-01,0.23,24,24
aHZNKT,WTHGNX,GZaTLG,Nluiud,2007-01-01,2007-02-01,0.0,34,46
EKKXJM,duZmcu,YDpHsz,dXRvLj,1999-07-05,1999-08-05,0.01,17,21
znOoDH,MGGwyd,RUXYTn,OFlrsm,1999-11-26,1999-12-26,0.03,16,27
gIjldo,LvdEqk,MvRvmg,ybXGXM,1999-10-02,1999-11-02,0.13,36,39
pupHGV,wEUKWA,jmzuaJ,IUxQoz,2007-08-10,2007-09-10,0.18,42,48
nMQLFE,cUpjuB,nNexdn,unIjEb,2008-08-05,2008-09-05,0.17,27,39
prEoDv,PaSGYU,AwUeju,EpZqbU,2000-10-16,2000-11-16,0.05,28,36
pvXyVB,ZiHHYn,xjuSdQ,txRwjE,2009-06-25,2009-07-25,0.23,20,25
xuZFbT,AhfZKJ,PqDBzK,hePkkc,2009-11-18,2009-12-18,0.05,2,14
vqUjIJ,WsQNAV,VvnySf,nSkdfN,2007-11-01,2007-12-01,0.11,30,30
EwkMLL,KNfMXb,kqPavj,ORuifq,2001-02-09,2001-03-09,0.02,36,37
AFLSDv,xYkAZy,TLXpBt,Hpsdii,2003-03-28,2003-04-28,0.08,17,19
XQNHMS,eCuevR,XKqClF,fyhEtK,2004-05-24,2004-06-24,0.01,31,36
DABHxj,yIlckI,hLxjmh,kpjvsB,2003-11-18,2003-12-18,0.22,6,13
ttIPse,JGFFpy,EMBXje,gKaEVY,2000-10-28,2000-11-28,0.21,5,8
MAfeHz,gzTXIk,QdrUSe,RQoVYK,2010-11-06,2010-12-06,0.03,20,34
NzpGOa,EttiIN,rZgfzo,bSISdU,2001-09-05,2001-10-05,0.06,15,18
oRGIca,EnADGa,MDytwJ,FtJtKx,2002-09-02,2002-10-02,0.1,1,10
QdVDmK,VCpGYw,iJiPdE,nPuDSx,2007-08-17,2007-09-17,0.13,11,19
oeydHf,xwDQzm,MoeaDJ,DydPCg,2002-08-10,2002-09-10,0.15,22,26
tIDtQB,zGvtNZ,kntzWZ,KYYqqL,2009-04-27,2009-05-27,0.2,16,22
wXfQrw,sqzbce,PvxzFR,vODedh,2007-06-26,2007-07-26,0.18,11,24
VNcafP,zmHQsd,TwvZZu,lINobA,2002-10-28,2002-11-28,0.09,11,23
HAiYVJ,fEoFpu,ydGRfj,FEeFOL,2006-11-04,2006-12-04,0.14,2,13
gecZKQ,eVMyHi,bdTILj,jvyIZx,2000-10-12,2000-11-12,0.05,47,58
lljOxZ,YsPowW,EoAPji,waNZQa,2004-04-30,2004-05-30,0.15,41,41
mfJQJR,yndcOo,CSVHyG,ITqovf,2002-01-03,2002-02-03,0.23,33,45
dEijiv,KtFAnx,rPxOBJ,sIcWFj,2008-08-27,2008-09-27,0.0,36,42
hxvxJD,NRyDjG,yfeTFc,JwaLjY,2010-01-21,2010-02-21,0.01,15,23
qZMkNk,ApRNHx,hJXpRl,biztgd,2001-04-23,2001-05-23,0.16,25,31
mySxDV,XYqtiU,IwnAmr,uXQLzU,1999-07-02,1999-08-02,0.17,40,42
ieGsLq,fvoEar,MvyOly,IWzxJX,2004-03-20,2004-04-20,0.05,15,17
XMhHQp,VlnUoA,WUeSgQ,JcHAtT,1999-02-16,1999-03-16,0.11,34,34
wxNsGZ,HZkNQA,MqIGbh,hHzWAM,2010-07-07,2010-08-07,0.13,44,50
xupTsd,EUClyA,ZcZmkw,DLtrVZ,2008-02-29,2008-03-29,0.12,24,36
